rx	reversible	ECfreeE	ECfreeEsd	ECdir	SMfreeE	SMfreeEsd	SMdir
r_0001	0	NA	NA	NA	NA	NA	NA
r_0002	0	NA	NA	NA	NA	NA	NA
r_0003	0	NA	NA	NA	NA	NA	NA
r_0004	1	-55.70306859	1.161920068	1	NA	NA	NA
r_0005	0	NA	NA	NA	NA	NA	NA
r_0006	0	0	1e+06	1	NA	NA	NA
r_0007	0	NA	NA	NA	NA	NA	NA
r_0008	0	-3.025694123	1.349288904	0	NA	NA	NA
r_0009	0	NA	NA	NA	NA	NA	NA
r_0010	0	NA	NA	NA	NA	NA	NA
r_0011	0	NA	NA	NA	NA	NA	NA
r_0012	0	NA	NA	NA	-11.79651168	6.159928797	1
r_0013	0	NA	NA	NA	NA	NA	NA
r_0014	0	NA	NA	NA	NA	NA	NA
r_0015	0	NA	NA	NA	NA	NA	NA
r_0016	0	-38.6754492	4.813060933	1	-35.29900189	4.813060933	1
r_0017	0	NA	NA	NA	NA	NA	NA
r_0018	0	NA	NA	NA	NA	NA	NA
r_0019	0	-16.28431077	3.770240241	1	-16.28431077	3.770240241	1
r_0020	0	NA	NA	NA	-16.28431077	3.770240241	1
r_0021	1	-72.05929384	3.03960725	1	-72.05929384	3.03960725	1
r_0022	0	NA	NA	NA	NA	NA	NA
r_0023	0	NA	NA	NA	NA	NA	NA
r_0024	0	NA	NA	NA	NA	NA	NA
r_0025	0	NA	NA	NA	NA	NA	NA
r_0026	0	-26.6704228	1.437418671	1	NA	NA	NA
r_0027	0	-26.6704228	1.437418671	1	NA	NA	NA
r_0028	0	NA	NA	NA	NA	NA	NA
r_0029	0	NA	NA	NA	NA	NA	NA
r_0030	1	-37.04136948	1.164491713	1	-37.92113074	3.924792878	1
r_0031	0	NA	NA	NA	NA	NA	NA
r_0032	0	NA	NA	NA	NA	NA	NA
r_0033	0	NA	NA	NA	NA	NA	NA
r_0034	0	NA	NA	NA	-6.763816664	3.546055382	1
r_0035	1	NA	NA	NA	-44.83075889	1.709778663	1
r_0036	0	NA	NA	NA	NA	NA	NA
r_0037	0	NA	NA	NA	NA	NA	NA
r_0038	0	NA	NA	NA	NA	NA	NA
r_0039	0	NA	NA	NA	NA	NA	NA
r_0040	1	-95.58630327	1.779095671	1	NA	NA	NA
r_0041	0	NA	NA	NA	NA	NA	NA
r_0042	0	NA	NA	NA	NA	NA	NA
r_0043	0	NA	NA	NA	NA	NA	NA
r_0044	0	NA	NA	NA	NA	NA	NA
r_0045	1	-72.05929384	3.03960725	1	-72.05929384	3.03960725	1
r_0046	0	NA	NA	NA	NA	NA	NA
r_0047	0	NA	NA	NA	NA	NA	NA
r_0048	0	NA	NA	NA	NA	NA	NA
r_0049	0	NA	NA	NA	-0.6288552	1.230057306	0
r_0050	0	NA	NA	NA	NA	NA	NA
r_0051	0	NA	NA	NA	-1.029264	3.770240241	0
r_0052	0	NA	NA	NA	NA	NA	NA
r_0053	0	NA	NA	NA	-0.6288552	1.230057306	0
r_0054	0	NA	NA	NA	-0.6288552	1.230057306	0
r_0055	0	NA	NA	NA	NA	NA	NA
r_0056	0	NA	NA	NA	NA	NA	NA
r_0057	0	NA	NA	NA	18.36510565	2.074530759	1
r_0058	0	NA	NA	NA	NA	NA	NA
r_0059	0	NA	NA	NA	-21.69598805	1.062307243	-1
r_0060	0	NA	NA	NA	-21.69556965	1.062307243	-1
r_0061	0	NA	NA	NA	NA	NA	NA
r_0062	0	NA	NA	NA	NA	NA	NA
r_0063	0	NA	NA	NA	NA	NA	NA
r_0064	0	NA	NA	NA	NA	NA	NA
r_0065	0	NA	NA	NA	NA	NA	NA
r_0066	0	9.321333423	5.716916768	1	9.321333423	5.716916768	1
r_0067	0	-14.69326039	2.284103215	1	NA	NA	NA
r_0068	0	NA	NA	NA	NA	NA	NA
r_0069	0	NA	NA	NA	NA	NA	NA
r_0070	0	-16.7399109066667	3.796049951	1	-17.70745441	3.796049951	1
r_0071	0	NA	NA	NA	NA	NA	NA
r_0072	1	NA	NA	NA	-209.1948336	10.90001538	1
r_0073	0	4.625027114	2.570477725	1	4.625027114	2.570477725	1
r_0074	0	NA	NA	NA	-11.16295949	1.481854052	1
r_0075	0	NA	NA	NA	NA	NA	NA
r_0076	0	NA	NA	NA	NA	NA	NA
r_0077	0	NA	NA	NA	NA	NA	NA
r_0078	0	-14.69326039	2.284103215	1	NA	NA	NA
r_0079	0	NA	NA	NA	NA	NA	NA
r_0080	0	NA	NA	NA	NA	NA	NA
r_0081	0	NA	NA	NA	NA	NA	NA
r_0082	0	NA	NA	NA	-16.1342307	2.168732451	1
r_0083	0	NA	NA	NA	-3.576499429	2.929348127	1
r_0084	0	NA	NA	NA	-19.55529702	3.312594141	1
r_0085	0	NA	NA	NA	-11.3732198	2.380748629	1
r_0086	0	NA	NA	NA	-9.110984204	2.380748629	1
r_0087	0	NA	NA	NA	-4.169625209	3.282483918	1
r_0088	0	NA	NA	NA	26.17032177	5.345545712	1
r_0089	0	NA	NA	NA	-5.892828803	4.395754873	1
r_0090	0	NA	NA	NA	-6.659137861	2.715832014	1
r_0091	0	NA	NA	NA	-5.192818376	7.007002018	1
r_0092	0	NA	NA	NA	NA	NA	NA
r_0093	0	-36.50076864	3.770240241	1	NA	NA	NA
r_0094	0	NA	NA	NA	NA	NA	NA
r_0095	0	NA	NA	NA	NA	NA	NA
r_0096	0	NA	NA	NA	NA	NA	NA
r_0097	0	NA	NA	NA	NA	NA	NA
r_0098	0	NA	NA	NA	NA	NA	NA
r_0099	0	NA	NA	NA	NA	NA	NA
r_0100	0	-17.4931694	6.294354304	1	NA	NA	NA
r_0101	0	NA	NA	NA	NA	NA	NA
r_0102	0	NA	NA	NA	NA	NA	NA
r_0103	0	NA	NA	NA	NA	NA	NA
r_0104	0	NA	NA	NA	NA	NA	NA
r_0105	0	NA	NA	NA	NA	NA	NA
r_0106	0	-29.41541328	2.223460909	1	-29.41541328	2.223460909	1
r_0107	0	NA	NA	NA	NA	NA	NA
r_0108	0	NA	NA	NA	NA	NA	NA
r_0109	0	NA	NA	NA	NA	NA	NA
r_0110	0	NA	NA	NA	NA	NA	NA
r_0111	0	NA	NA	NA	-19.69203181	1.062307243	0
r_0112	1	-38.6754492	4.813060933	1	-42.05189651	2.786974666	1
r_0113	0	NA	NA	NA	4.205851218	1.074637109	0
r_0114	0	NA	NA	NA	4.205851218	1.074637109	0
r_0115	0	-31.174916625	1.982249011	1	-33.64713307	1.982249011	1
r_0116	0	-31.174916625	1.982249011	1	NA	NA	NA
r_0117	0	-31.174916625	1.982249011	1	NA	NA	NA
r_0118	0	25.28502711	1.167620588	0	25.28502711	1.167620588	NA
r_0119	0	25.28502711	1.167620588	0	25.28502711	1.167620588	NA
r_0120	0	-31.174916625	1.982249011	1	NA	NA	NA
r_0121	0	-31.174916625	1.982249011	1	NA	NA	NA
r_0122	0	-31.174916625	1.982249011	1	NA	NA	NA
r_0123	0	NA	NA	NA	-2.9194645	2.014968264	1
r_0124	0	NA	NA	NA	-2.9194645	2.014968264	1
r_0125	0	NA	NA	NA	NA	NA	NA
r_0126	0	NA	NA	NA	NA	NA	NA
r_0127	0	-4.965777947	1.115842058	1	-4.965777947	1.115842058	1
r_0128	0	-4.965777947	1.115842058	1	-4.965777947	1.115842058	1
r_0129	0	-4.965777947	1.115842058	1	-4.965777947	1.115842058	1
r_0130	0	NA	NA	NA	8.259767592	3.358873075	1
r_0131	0	NA	NA	NA	NA	NA	NA
r_0132	0	1.070510933	2.996345438	1	NA	NA	NA
r_0133	0	NA	NA	NA	NA	NA	NA
r_0134	0	NA	NA	NA	NA	NA	NA
r_0135	0	NA	NA	NA	NA	NA	NA
r_0136	0	NA	NA	NA	NA	NA	NA
r_0137	0	NA	NA	NA	NA	NA	NA
r_0138	0	NA	NA	NA	NA	NA	NA
r_0139	0	NA	NA	NA	NA	NA	NA
r_0140	0	NA	NA	NA	NA	NA	NA
r_0141	0	NA	NA	NA	NA	NA	NA
r_0142	0	NA	NA	NA	NA	NA	NA
r_0143	0	NA	NA	NA	NA	NA	NA
r_0144	0	NA	NA	NA	NA	NA	NA
r_0145	0	NA	NA	NA	NA	NA	NA
r_0146	0	NA	NA	NA	NA	NA	NA
r_0147	0	NA	NA	NA	NA	NA	NA
r_0148	0	NA	NA	NA	NA	NA	NA
r_0149	0	NA	NA	NA	NA	NA	NA
r_0150	0	NA	NA	NA	NA	NA	NA
r_0151	0	NA	NA	NA	NA	NA	NA
r_0152	0	NA	NA	NA	NA	NA	NA
r_0153	0	-19.780797325	4.398830157	1	0	1e+06	1
r_0154	0	-14.93865071	1.933237274	1	-14.93865071	1.933237274	1
r_0155	0	-19.780797325	4.398830157	1	-21.05389766	1.674039704	1
r_0156	0	NA	NA	NA	-4.49616119	2.606297239	1
r_0157	0	NA	NA	NA	-13.30191741	1.700033014	1
r_0158	0	NA	NA	NA	NA	NA	NA
r_0159	0	NA	NA	NA	NA	NA	NA
r_0160	0	-28.89453534	1.642520645	1	-28.89453534	1.642520645	1
r_0161	0	-0.596623457	0	0	NA	NA	NA
r_0162	0	8.335555288	1.579441267	1	8.335555288	1.579441267	1
r_0163	0	NA	NA	NA	-1.56244058	0.225919838	0
r_0164	0	NA	NA	NA	-1.56244058	0.225919838	0
r_0165	0	NA	NA	NA	3.136478964	1.804307568	0
r_0166	0	NA	NA	NA	3.136478964	1.804307568	0
r_0167	0	NA	NA	NA	-3.618683875	1.795537006	0
r_0168	0	NA	NA	NA	-3.618683875	1.795537006	0
r_0169	0	NA	NA	NA	18.06136169	3.635204461	0
r_0170	0	0.52233188	2.855148301	1	0.52233188	2.855148301	1
r_0171	0	NA	NA	NA	16.75416297	1.710190162	0
r_0172	0	-21.22975726	4.268006825	1	NA	NA	NA
r_0173	0	NA	NA	NA	NA	NA	NA
r_0174	0	NA	NA	NA	NA	NA	NA
r_0175	0	-10.30584164	2.764663848	1	NA	NA	NA
r_0176	0	NA	NA	NA	NA	NA	NA
r_0177	0	NA	NA	NA	NA	NA	NA
r_0178	0	NA	NA	NA	NA	NA	NA
r_0179	0	NA	NA	NA	NA	NA	NA
r_0180	0	NA	NA	NA	NA	NA	NA
r_0181	0	NA	NA	NA	19.00649039	1.495513964	0
r_0182	0	-20.386827	4.006023058	1	NA	NA	NA
r_0183	0	NA	NA	NA	-19.00649039	1.495513964	0
r_0184	0	NA	NA	NA	NA	NA	NA
r_0185	0	NA	NA	NA	NA	NA	NA
r_0186	0	-20.386827	4.006023058	1	NA	NA	NA
r_0187	0	NA	NA	NA	NA	NA	NA
r_0188	0	NA	NA	NA	NA	NA	NA
r_0189	0	NA	NA	NA	NA	NA	NA
r_0190	0	NA	NA	NA	NA	NA	NA
r_0191	1	NA	NA	NA	-48.89158312	1.642769915	1
r_0192	1	NA	NA	NA	-46.88258107	1.642769915	1
r_0193	1	NA	NA	NA	-48.89158312	1.642769915	1
r_0194	0	NA	NA	NA	NA	NA	NA
r_0195	0	NA	NA	NA	NA	NA	NA
r_0196	0	NA	NA	NA	NA	NA	NA
r_0197	0	NA	NA	NA	NA	NA	NA
r_0198	0	NA	NA	NA	NA	NA	NA
r_0199	0	NA	NA	NA	NA	NA	NA
r_0200	0	NA	NA	NA	NA	NA	NA
r_0201	0	NA	NA	NA	NA	NA	NA
r_0202	0	NA	NA	NA	NA	NA	NA
r_0203	1	NA	NA	NA	-44.928510805	2.344664525	1
r_0204	0	NA	NA	NA	NA	NA	NA
r_0205	0	NA	NA	NA	NA	NA	NA
r_0206	0	0	1e+06	1	NA	NA	NA
r_0207	0	NA	NA	NA	NA	NA	NA
r_0208	0	-26.10970866	10.03528191	1	-26.10970866	10.03528191	1
r_0209	0	NA	NA	NA	NA	NA	NA
r_0210	0	NA	NA	NA	NA	NA	NA
r_0211	0	-12.66786736	1.859614157	1	-12.66786736	1.859614157	1
r_0212	0	-12.66786736	1.859614157	1	-12.66786736	1.859614157	1
r_0213	0	-17.16953425	2.324354067	1	-17.16953425	2.324354067	1
r_0214	0	NA	NA	NA	NA	NA	NA
r_0215	0	NA	NA	NA	NA	NA	NA
r_0216	0	-16.818881736	7.515291254	1	NA	NA	NA
r_0217	0	NA	NA	NA	NA	NA	NA
r_0218	1	NA	NA	NA	-91.42290511	2.955860217	1
r_0219	1	NA	NA	NA	-53.00026463	2.472191219	1
r_0220	1	NA	NA	NA	-61.74855888	4.044320181	1
r_0221	1	NA	NA	NA	-226.9049026	10.65898824	1
r_0222	0	NA	NA	NA	-38.3079458	9.892265409	1
r_0223	0	-20.386827	4.006023058	1	NA	NA	NA
r_0224	0	NA	NA	NA	NA	NA	NA
r_0225	0	8.850853219	3.635204461	0	8.850853219	3.635204461	0
r_0226	0	NA	NA	NA	0.057735735	2.074530759	1
r_0227	0	-43.04406375	6.529547874	1	NA	NA	NA
r_0228	0	-43.04406375	6.529547874	1	NA	NA	NA
r_0229	0	-36.96201359	4.27992931	1	-36.96201359	4.27992931	1
r_0230	0	-35.09777027	5.614366848	1	NA	NA	NA
r_0231	0	-35.09777027	5.614366848	1	NA	NA	NA
r_0232	0	-18.6519615733333	5.564220336	1	-22.439281	3.770240241	1
r_0233	0	15.587659012	2.324844903	0	14.24354204	2.19039426	0
r_0234	0	NA	NA	NA	NA	NA	NA
r_0235	0	NA	NA	NA	0.601361826	0.759026925	0
r_0236	0	NA	NA	NA	0.601361826	0.759026925	0
r_0237	0	NA	NA	NA	0.601361826	0.759026925	0
r_0238	0	-20.58388123	2.530791146	0	20.58388123	2.530791146	0
r_0239	0	0.868501391	2.964687769	1	NA	NA	NA
r_0240	0	0.868501391	2.964687769	1	NA	NA	NA
r_0241	0	NA	NA	NA	NA	NA	NA
r_0242	0	NA	NA	NA	NA	NA	NA
r_0243	0	NA	NA	NA	NA	NA	NA
r_0244	0	NA	NA	NA	NA	NA	NA
r_0245	0	-29.06991283	5.926893808	1	-29.06991283	5.926893808	1
r_0246	0	29.4361481	1.459542669	0	NA	NA	NA
r_0247	0	29.4361481	1.459542669	0	NA	NA	NA
r_0248	0	29.4361481	1.459542669	0	NA	NA	NA
r_0249	0	NA	NA	NA	-29.4361481	1.459542669	1
r_0250	0	NA	NA	NA	NA	NA	NA
r_0251	0	NA	NA	NA	-0.153869812	0	0
r_0252	0	NA	NA	NA	-0.153869812	0	0
r_0253	0	NA	NA	NA	-0.153869812	0	0
r_0254	0	NA	NA	NA	-0.153869812	0	0
r_0255	0	NA	NA	NA	-0.153869812	0	0
r_0256	0	0	1e+06	1	NA	NA	NA
r_0257	0	NA	NA	NA	NA	NA	NA
r_0258	0	NA	NA	NA	NA	NA	NA
r_0259	0	NA	NA	NA	NA	NA	NA
r_0260	0	NA	NA	NA	NA	NA	NA
r_0261	0	NA	NA	NA	NA	NA	NA
r_0262	0	NA	NA	NA	NA	NA	NA
r_0263	0	NA	NA	NA	NA	NA	NA
r_0264	0	NA	NA	NA	NA	NA	NA
r_0265	0	NA	NA	NA	NA	NA	NA
r_0266	0	NA	NA	NA	NA	NA	NA
r_0267	0	NA	NA	NA	NA	NA	NA
r_0268	0	NA	NA	NA	NA	NA	NA
r_0269	0	NA	NA	NA	NA	NA	NA
r_0270	0	NA	NA	NA	NA	NA	NA
r_0271	0	NA	NA	NA	NA	NA	NA
r_0272	0	NA	NA	NA	NA	NA	NA
r_0273	0	NA	NA	NA	NA	NA	NA
r_0274	0	NA	NA	NA	NA	NA	NA
r_0275	0	NA	NA	NA	NA	NA	NA
r_0276	0	NA	NA	NA	NA	NA	NA
r_0277	0	-17.5698703085714	5.564220336	1	-16.75830186	5.564220336	1
r_0278	0	-2.58109006214286	1.570225853	0	NA	NA	NA
r_0279	0	NA	NA	NA	NA	NA	NA
r_0280	0	NA	NA	NA	NA	NA	NA
r_0281	0	NA	NA	NA	NA	NA	NA
r_0282	1	-189.9202791	3	1	-189.9202791	3	1
r_0283	1	-189.9202791	3	1	-189.9202791	3	1
r_0284	0	0.929566976571429	1.762910596	1	NA	NA	NA
r_0285	0	0.929566976571429	1.762910596	1	NA	NA	NA
r_0286	0	NA	NA	NA	NA	NA	NA
r_0287	0	NA	NA	NA	NA	NA	NA
r_0288	0	NA	NA	NA	NA	NA	NA
r_0289	0	NA	NA	NA	NA	NA	NA
r_0290	0	NA	NA	NA	NA	NA	NA
r_0291	0	NA	NA	NA	NA	NA	NA
r_0292	0	NA	NA	NA	NA	NA	NA
r_0293	0	NA	NA	NA	NA	NA	NA
r_0294	0	NA	NA	NA	NA	NA	NA
r_0295	0	NA	NA	NA	NA	NA	NA
r_0296	0	NA	NA	NA	NA	NA	NA
r_0297	0	NA	NA	NA	NA	NA	NA
r_0298	0	NA	NA	NA	NA	NA	NA
r_0299	0	NA	NA	NA	NA	NA	NA
r_0300	0	NA	NA	NA	NA	NA	NA
r_0301	0	NA	NA	NA	NA	NA	NA
r_0302	0	NA	NA	NA	NA	NA	NA
r_0303	0	NA	NA	NA	NA	NA	NA
r_0304	1	NA	NA	NA	-56.20088765	5.074096222	1
r_0305	1	NA	NA	NA	-197.6037656	10.33085082	1
r_0306	1	-44.58596459	3.795413357	1	-44.58596459	3.795413357	1
r_0307	0	NA	NA	NA	-0.636355363	1.719116226	0
r_0308	0	NA	NA	NA	-0.636355363	1.719116226	0
r_0309	0	NA	NA	NA	NA	NA	NA
r_0310	0	NA	NA	NA	NA	NA	NA
r_0311	0	NA	NA	NA	NA	NA	NA
r_0312	0	NA	NA	NA	NA	NA	NA
r_0313	0	NA	NA	NA	NA	NA	NA
r_0314	0	NA	NA	NA	NA	NA	NA
r_0315	0	NA	NA	NA	NA	NA	NA
r_0316	0	NA	NA	NA	NA	NA	NA
r_0317	0	NA	NA	NA	NA	NA	NA
r_0318	0	NA	NA	NA	NA	NA	NA
r_0319	0	NA	NA	NA	NA	NA	NA
r_0320	0	NA	NA	NA	NA	NA	NA
r_0321	0	NA	NA	NA	NA	NA	NA
r_0322	0	NA	NA	NA	NA	NA	NA
r_0323	0	NA	NA	NA	NA	NA	NA
r_0324	0	NA	NA	NA	NA	NA	NA
r_0325	0	NA	NA	NA	NA	NA	NA
r_0326	0	NA	NA	NA	NA	NA	NA
r_0327	0	NA	NA	NA	NA	NA	NA
r_0328	1	-37.04136948	1.164491713	1	-37.04136948	1.164491713	1
r_0329	1	-37.04136948	1.164491713	1	-37.04136948	1.164491713	1
r_0330	0	NA	NA	NA	8.039839917	1.716747487	0
r_0331	0	NA	NA	NA	8.039839917	1.716747487	0
r_0332	0	NA	NA	NA	4.756373767	3.060610021	1
r_0333	0	0	1e+06	1	0	1e+06	1
r_0334	0	NA	NA	NA	NA	NA	NA
r_0335	0	-19.71342337	3.190770107	1	-19.71342337	3.190770107	1
r_0336	0	-19.71342337	3.190770107	1	NA	NA	NA
r_0337	0	NA	NA	NA	4.368630392	4.860570523	1
r_0338	0	NA	NA	NA	NA	NA	NA
r_0339	0	NA	NA	NA	NA	NA	NA
r_0340	0	-40.37545782	9.735271523	1	NA	NA	NA
r_0341	1	-53.00513516	5.371853677	1	-53.00513516	5.371853677	1
r_0342	0	12.58384696	5.69595759	1	NA	NA	NA
r_0343	0	NA	NA	NA	-23.00006962	1.97175453	1
r_0344	0	-20.352569655	7.111842743	1	-21.16072913	3.168014242	1
r_0345	0	NA	NA	NA	0.769260274	3.635204461	0
r_0346	0	NA	NA	NA	NA	NA	NA
r_0347	0	NA	NA	NA	NA	NA	NA
r_0348	0	NA	NA	NA	NA	NA	NA
r_0349	1	-38.38841826	2.713040512	1	-38.38841826	2.713040512	1
r_0350	0	NA	NA	NA	NA	NA	NA
r_0351	0	NA	NA	NA	NA	NA	NA
r_0352	0	NA	NA	NA	NA	NA	NA
r_0353	0	25.71227131	0.815082918	0	NA	NA	NA
r_0354	0	NA	NA	NA	NA	NA	NA
r_0355	0	-20.386827	4.006023058	1	NA	NA	NA
r_0356	0	NA	NA	NA	NA	NA	NA
r_0357	0	NA	NA	NA	NA	NA	NA
r_0358	0	NA	NA	NA	14.45850172	5.153037389	1
r_0359	0	-19.780797325	4.398830157	1	-18.50769699	4.398830157	1
r_0360	0	NA	NA	NA	-1.228156191	1.118369716	0
r_0361	0	NA	NA	NA	14.49764429	5.153037389	1
r_0362	0	NA	NA	NA	3.384560716	3.635204461	0
r_0363	0	NA	NA	NA	NA	NA	NA
r_0364	0	-26.18430125	2.37489586	1	NA	NA	NA
r_0365	1	NA	NA	NA	-55.60646987	5.167700046	1
r_0366	0	NA	NA	NA	NA	NA	NA
r_0367	0	NA	NA	NA	-2.341556671	3.635204461	1
r_0368	0	NA	NA	NA	-2.341556671	3.635204461	1
r_0369	1	-90.71463338	4.954357598	1	NA	NA	NA
r_0370	0	NA	NA	NA	NA	NA	NA
r_0371	0	NA	NA	NA	NA	NA	NA
r_0372	0	NA	NA	NA	NA	NA	NA
r_0373	1	-98.44466714	9.449466451	1	-98.44466714	9.449466451	1
r_0374	1	-98.44466714	9.449466451	1	NA	NA	NA
r_0375	0	-22.07965254	1.699357503	0	-22.07965254	1.699357503	0
r_0376	0	-22.07965254	1.699357503	0	-22.07965254	1.699357503	0
r_0377	0	-15.33433769	4.171329953	1	-15.33433769	4.171329953	1
r_0378	0	NA	NA	NA	NA	NA	NA
r_0379	0	NA	NA	NA	NA	NA	NA
r_0380	0	NA	NA	NA	NA	NA	NA
r_0381	0	-4.11408649	2.324844903	0	-4.11408649	2.324844903	0
r_0382	0	NA	NA	NA	NA	NA	NA
r_0383	0	NA	NA	NA	NA	NA	NA
r_0384	0	-27.431328915	1.384868335	1	-27.43141562	1.384868335	1
r_0385	0	-27.431328915	1.384868335	1	-27.43124221	1.384868335	1
r_0386	0	NA	NA	NA	NA	NA	NA
r_0387	1	-64.28906686	2.423127932	1	NA	NA	NA
r_0388	0	-3.994235267	0.455483117	0	NA	NA	NA
r_0389	0	NA	NA	NA	NA	NA	NA
r_0390	0	NA	NA	NA	NA	NA	NA
r_0391	0	NA	NA	NA	NA	NA	NA
r_0392	0	NA	NA	NA	NA	NA	NA
r_0393	0	NA	NA	NA	NA	NA	NA
r_0394	0	NA	NA	NA	NA	NA	NA
r_0395	0	-0.953553561	3.635204461	0	-0.953553561	3.635204461	0
r_0396	1	-74.89887286	5.436962589	1	-74.89887286	5.436962589	1
r_0397	0	NA	NA	NA	NA	NA	NA
r_0398	0	-4.14091489	1.06995047	0	-4.14091489	1.06995047	0
r_0399	0	-0.628854860833333	1.230057905	1	NA	NA	NA
r_0400	0	NA	NA	NA	NA	NA	NA
r_0401	0	NA	NA	NA	NA	NA	NA
r_0402	0	NA	NA	NA	NA	NA	NA
r_0403	0	NA	NA	NA	NA	NA	NA
r_0404	0	NA	NA	NA	NA	NA	NA
r_0405	1	-64.28906686	2.423127932	1	NA	NA	NA
r_0406	0	NA	NA	NA	NA	NA	NA
r_0407	0	NA	NA	NA	NA	NA	NA
r_0408	0	NA	NA	NA	NA	NA	NA
r_0409	0	NA	NA	NA	NA	NA	NA
r_0410	0	NA	NA	NA	NA	NA	NA
r_0411	0	NA	NA	NA	NA	NA	NA
r_0412	0	NA	NA	NA	NA	NA	NA
r_0413	0	NA	NA	NA	NA	NA	NA
r_0414	0	NA	NA	NA	NA	NA	NA
r_0415	0	NA	NA	NA	NA	NA	NA
r_0416	0	NA	NA	NA	NA	NA	NA
r_0417	0	NA	NA	NA	NA	NA	NA
r_0418	0	NA	NA	NA	NA	NA	NA
r_0419	0	NA	NA	NA	NA	NA	NA
r_0420	0	NA	NA	NA	NA	NA	NA
r_0421	0	NA	NA	NA	NA	NA	NA
r_0422	0	NA	NA	NA	NA	NA	NA
r_0423	0	NA	NA	NA	NA	NA	NA
r_0424	0	NA	NA	NA	NA	NA	NA
r_0425	0	NA	NA	NA	NA	NA	NA
r_0426	0	NA	NA	NA	NA	NA	NA
r_0427	0	NA	NA	NA	NA	NA	NA
r_0428	0	NA	NA	NA	NA	NA	NA
r_0429	0	NA	NA	NA	NA	NA	NA
r_0430	0	NA	NA	NA	NA	NA	NA
r_0431	0	NA	NA	NA	NA	NA	NA
r_0432	0	NA	NA	NA	NA	NA	NA
r_0433	0	NA	NA	NA	NA	NA	NA
r_0434	0	NA	NA	NA	NA	NA	NA
r_0435	0	NA	NA	NA	NA	NA	NA
r_0436	0	NA	NA	NA	NA	NA	NA
r_0437	0	NA	NA	NA	NA	NA	NA
r_0438	0	NA	NA	NA	NA	NA	NA
r_0439	0	NA	NA	NA	NA	NA	NA
r_0440	0	NA	NA	NA	NA	NA	NA
r_0441	0	NA	NA	NA	NA	NA	NA
r_0442	0	NA	NA	NA	NA	NA	NA
r_0443	0	NA	NA	NA	NA	NA	NA
r_0444	0	NA	NA	NA	NA	NA	NA
r_0445	0	NA	NA	NA	NA	NA	NA
r_0446	0	NA	NA	NA	NA	NA	NA
r_0447	0	NA	NA	NA	NA	NA	NA
r_0448	0	NA	NA	NA	NA	NA	NA
r_0449	0	NA	NA	NA	NA	NA	NA
r_0450	0	NA	NA	NA	NA	NA	NA
r_0451	0	NA	NA	NA	NA	NA	NA
r_0452	0	NA	NA	NA	NA	NA	NA
r_0453	0	NA	NA	NA	NA	NA	NA
r_0454	0	NA	NA	NA	NA	NA	NA
r_0455	0	NA	NA	NA	NA	NA	NA
r_0456	0	NA	NA	NA	NA	NA	NA
r_0457	0	NA	NA	NA	NA	NA	NA
r_0458	0	NA	NA	NA	NA	NA	NA
r_0459	0	NA	NA	NA	NA	NA	NA
r_0460	0	NA	NA	NA	NA	NA	NA
r_0461	0	NA	NA	NA	NA	NA	NA
r_0462	0	NA	NA	NA	NA	NA	NA
r_0463	0	NA	NA	NA	NA	NA	NA
r_0464	0	NA	NA	NA	NA	NA	NA
r_0465	0	NA	NA	NA	NA	NA	NA
r_0466	0	NA	NA	NA	NA	NA	NA
r_0467	0	NA	NA	NA	NA	NA	NA
r_0468	0	0	1e+06	1	0	1e+06	1
r_0469	0	NA	NA	NA	NA	NA	NA
r_0470	0	NA	NA	NA	NA	NA	NA
r_0471	0	NA	NA	NA	NA	NA	NA
r_0472	0	0	1e+06	1	0	1e+06	1
r_0473	0	NA	NA	NA	0	1e+06	1
r_0474	0	NA	NA	NA	-11.77798761	1.414213562	1
r_0475	0	NA	NA	NA	-9.768985563	1.414213562	1
r_0476	0	NA	NA	NA	NA	NA	NA
r_0477	0	NA	NA	NA	NA	NA	NA
r_0478	0	NA	NA	NA	NA	NA	NA
r_0479	0	NA	NA	NA	NA	NA	NA
r_0480	0	NA	NA	NA	NA	NA	NA
r_0481	0	NA	NA	NA	-21.38756388	1.672377982	1
r_0482	0	NA	NA	NA	NA	NA	NA
r_0483	0	-10.16641022	1.658144653	1	-10.16641022	1.658144653	1
r_0484	0	25.71227131	0.815082918	0	NA	NA	NA
r_0485	0	-2.928290129	1.097415953	0	-2.928290129	1.097415953	0
r_0486	0	-2.928290129	1.097415953	0	-2.928290129	1.097415953	0
r_0487	1	-98.44466714	9.449466451	1	NA	NA	NA
r_0488	0	NA	NA	NA	NA	NA	NA
r_0489	0	NA	NA	NA	NA	NA	NA
r_0490	0	NA	NA	NA	NA	NA	NA
r_0491	0	-8.689033959	2.902407329	1	NA	NA	NA
r_0492	0	-10.60946685	1.057227849	0	-10.60946685	1.057227849	0
r_0493	0	0	0	0	NA	NA	NA
r_0494	0	4.537476952	5.592140878	1	4.537476952	5.592140878	1
r_0495	0	NA	NA	NA	NA	NA	NA
r_0496	1	-64.28906686	2.423127932	1	-63.24306686	2.423127932	1
r_0497	0	NA	NA	NA	NA	NA	NA
r_0498	0	NA	NA	NA	NA	NA	NA
r_0499	0	NA	NA	NA	-17.61506049	0.540427601	1
r_0500	0	NA	NA	NA	0.767922055	2.933829534	1
r_0501	0	-7.186285456	1.914622161	0	-7.186285456	1.914622161	0
r_0502	0	NA	NA	NA	-7.186285456	1.914622161	0
r_0503	0	1.895532857	0.583942718	0	0	0	0
r_0504	0	1.895532857	0.583942718	0	1.895532857	0.583942718	0
r_0505	0	1.895532857	0.583942718	0	1.895532857	0.583942718	0
r_0506	0	30.18892433	2.066615552	1	NA	NA	NA
r_0507	0	-28.19510752	2.884771977	1	-28.19510752	2.884771977	1
r_0508	0	NA	NA	NA	NA	NA	NA
r_0509	1	34.22555348	1.763567046	0	-34.22555348	1.763567046	0
r_0510	1	-49.03037738	1.522269355	1	NA	NA	NA
r_0511	0	-3.242297925	1.74026022	1	NA	NA	NA
r_0512	0	-3.242297925	1.74026022	1	NA	NA	NA
r_0513	0	NA	NA	NA	-14.8048239	1.787535667	1
r_0514	1	NA	NA	NA	-65.21487625	2.976063395	1
r_0515	0	-14.6313242	1.766344283	1	-14.6313242	1.766344283	1
r_0516	0	-15.57274595	2.793320515	1	-15.57274595	2.793320515	1
r_0517	0	12.25789013	3.602020166	1	NA	NA	NA
r_0518	0	-1.274896971	3.09265946	1	NA	NA	NA
r_0519	0	-1.274896971	3.09265946	1	NA	NA	NA
r_0520	0	-7.824623532	1.523637472	0	-7.824623532	1.523637472	0
r_0521	0	-7.824623532	1.523637472	0	-7.824623532	1.523637472	0
r_0522	0	NA	NA	NA	NA	NA	NA
r_0523	0	NA	NA	NA	NA	NA	NA
r_0524	0	-27.43091695	3.037130797	1	-27.43091695	3.037130797	1
r_0525	0	3.267622593	1.506663517	0	3.267622593	1.506663517	0
r_0526	0	-20.386827	4.006023058	1	NA	NA	NA
r_0527	0	-20.24680452	1.004636429	1	-20.24680452	1.004636429	1
r_0528	0	NA	NA	NA	-9.189343579	1.700088492	1
r_0529	1	-54.92078266	1.430073818	1	NA	NA	NA
r_0530	0	NA	NA	NA	NA	NA	NA
r_0531	0	NA	NA	NA	NA	NA	NA
r_0532	0	NA	NA	NA	NA	NA	NA
r_0533	0	NA	NA	NA	NA	NA	NA
r_0534	0	NA	NA	NA	NA	NA	NA
r_0535	0	NA	NA	NA	NA	NA	NA
r_0536	0	NA	NA	NA	0	1e+06	1
r_0537	0	NA	NA	NA	-30.27322828	2.170450415	0
r_0538	0	NA	NA	NA	7.694865945	3.769389603	1
r_0539	0	NA	NA	NA	-7.370213439	1.889829868	0
r_0540	0	NA	NA	NA	-7.370213439	1.889829868	0
r_0541	0	NA	NA	NA	NA	NA	NA
r_0542	0	NA	NA	NA	NA	NA	NA
r_0543	0	NA	NA	NA	NA	NA	NA
r_0544	0	NA	NA	NA	NA	NA	NA
r_0545	0	NA	NA	NA	NA	NA	NA
r_0546	0	NA	NA	NA	NA	NA	NA
r_0547	0	NA	NA	NA	NA	NA	NA
r_0548	0	NA	NA	NA	0	1e+06	1
r_0549	0	-9.250272373	3.235250746	1	NA	NA	NA
r_0550	0	NA	NA	NA	NA	NA	NA
r_0551	0	-22.94551564	3.537915839	1	NA	NA	NA
r_0552	0	NA	NA	NA	NA	NA	NA
r_0553	0	NA	NA	NA	NA	NA	NA
r_0554	0	NA	NA	NA	NA	NA	NA
r_0555	0	NA	NA	NA	NA	NA	NA
r_0556	0	NA	NA	NA	NA	NA	NA
r_0557	0	NA	NA	NA	NA	NA	NA
r_0558	0	NA	NA	NA	NA	NA	NA
r_0559	0	NA	NA	NA	NA	NA	NA
r_0560	0	NA	NA	NA	NA	NA	NA
r_0561	1	-145.0959335	10.74589599	1	-145.0959335	10.74589599	1
r_0562	1	-99.54589422	7.29464301	1	NA	NA	NA
r_0563	0	NA	NA	NA	NA	NA	NA
r_0564	0	0	1e+06	1	0	1e+06	1
r_0565	0	NA	NA	NA	0	1e+06	1
r_0566	0	NA	NA	NA	-23.5433193	4.172196548	1
r_0567	0	NA	NA	NA	-1.72344596	1.484066007	0
r_0568	0	NA	NA	NA	NA	NA	NA
r_0569	0	NA	NA	NA	NA	NA	NA
r_0570	0	NA	NA	NA	NA	NA	NA
r_0571	0	NA	NA	NA	NA	NA	NA
r_0572	0	NA	NA	NA	-17.10275472	0.984782214	1
r_0573	0	NA	NA	NA	-17.61506049	0.540427601	1
r_0574	0	NA	NA	NA	-17.61506049	0.540427601	1
r_0575	0	NA	NA	NA	-13.64241585	2.97011778	1
r_0576	0	NA	NA	NA	-14.29497457	2.367974051	1
r_0577	0	6.35338174	3.635204461	1	NA	NA	NA
r_0578	1	-66.97409305	3.667451979	1	NA	NA	NA
r_0579	1	-66.97409305	3.667451979	1	NA	NA	NA
r_0580	0	NA	NA	NA	NA	NA	NA
r_0581	0	NA	NA	NA	NA	NA	NA
r_0582	0	NA	NA	NA	NA	NA	NA
r_0583	0	NA	NA	NA	NA	NA	NA
r_0584	0	0	1e+06	1	0	1e+06	1
r_0585	0	NA	NA	NA	NA	NA	NA
r_0586	0	15.923688255	2.324844903	0	NA	NA	NA
r_0587	0	15.923688255	2.324844903	0	-17.60383447	2.324844903	0
r_0588	0	-30.23875967	1.733323163	1	-30.23875967	1.733323163	1
r_0589	0	NA	NA	NA	NA	NA	NA
r_0590	1	NA	NA	NA	-312.5721713	2.449489743	1
r_0591	1	NA	NA	NA	-312.5721713	2.449489743	1
r_0592	1	NA	NA	NA	-312.5721713	2.449489743	1
r_0593	1	-38.45103643	2.665463689	1	-38.45103643	2.665463689	1
r_0594	1	-38.45103643	2.665463689	1	-38.45103643	2.665463689	1
r_0595	0	NA	NA	NA	NA	NA	NA
r_0596	0	NA	NA	NA	-16.96935793	1.913802036	1
r_0597	1	-136.7511324	7.724377934	1	-136.7511324	7.724377934	1
r_0598	0	NA	NA	NA	NA	NA	NA
r_0599	0	NA	NA	NA	NA	NA	NA
r_0600	0	NA	NA	NA	NA	NA	NA
r_0601	0	NA	NA	NA	-18.13077704	0.571100896	1
r_0602	0	NA	NA	NA	-7.947237517	3.055466559	1
r_0603	0	NA	NA	NA	0	1e+06	1
r_0604	1	NA	NA	NA	-140.091733	9.676493476	1
r_0605	0	NA	NA	NA	NA	NA	NA
r_0606	0	NA	NA	NA	-22.72301877	9.170647291	0
r_0607	0	8.91813305	6.162210636	1	NA	NA	NA
r_0608	1	NA	NA	NA	-68.29052836	5.955498327	1
r_0609	0	-14.69326039	2.284103215	1	NA	NA	NA
r_0610	0	-20.81465202	2.449489743	1	-20.81465202	2.449489743	1
r_0611	0	-20.81465202	2.449489743	1	-20.81465202	2.449489743	1
r_0612	0	NA	NA	NA	NA	NA	NA
r_0613	0	NA	NA	NA	NA	NA	NA
r_0614	0	NA	NA	NA	NA	NA	NA
r_0615	0	NA	NA	NA	NA	NA	NA
r_0616	0	NA	NA	NA	NA	NA	NA
r_0617	0	NA	NA	NA	NA	NA	NA
r_0618	0	NA	NA	NA	NA	NA	NA
r_0619	0	NA	NA	NA	-22.77701024	2.346216109	1
r_0620	0	NA	NA	NA	NA	NA	NA
r_0621	0	NA	NA	NA	NA	NA	NA
r_0622	0	NA	NA	NA	NA	NA	NA
r_0623	0	NA	NA	NA	NA	NA	NA
r_0624	0	NA	NA	NA	NA	NA	NA
r_0625	0	NA	NA	NA	NA	NA	NA
r_0626	0	NA	NA	NA	NA	NA	NA
r_0627	0	NA	NA	NA	NA	NA	NA
r_0628	0	NA	NA	NA	NA	NA	NA
r_0629	0	NA	NA	NA	NA	NA	NA
r_0630	0	-2.739682834	2.095084866	0	-2.739682834	2.095084866	0
r_0631	0	-2.739682834	2.095084866	0	-2.739682834	2.095084866	0
r_0632	0	-2.739682834	2.095084866	0	-2.739682834	2.095084866	0
r_0633	0	8.836451754	1.88177738	1	8.836451754	1.88177738	1
r_0634	0	NA	NA	NA	-10.62833504	3.98749135	0
r_0635	0	NA	NA	NA	-10.62833504	3.98749135	0
r_0636	0	-17.92646887	4.690542308	1	NA	NA	NA
r_0637	0	-17.92646887	4.690542308	1	NA	NA	NA
r_0638	0	-4.902391002	3.635204461	0	NA	NA	NA
r_0639	0	-4.634188675	2.081728289	0	NA	NA	NA
r_0640	0	NA	NA	NA	-19.6921616	1.062307243	0
r_0641	0	NA	NA	NA	NA	NA	NA
r_0642	0	NA	NA	NA	NA	NA	NA
r_0643	0	NA	NA	NA	NA	NA	NA
r_0644	0	NA	NA	NA	NA	NA	NA
r_0645	0	NA	NA	NA	-28.22177428	1.642520916	1
r_0646	0	NA	NA	NA	NA	NA	NA
r_0647	0	NA	NA	NA	NA	NA	NA
r_0648	0	NA	NA	NA	11.84451339	2.721218394	1
r_0649	0	NA	NA	NA	24.7555842	3.113120509	0
r_0650	0	NA	NA	NA	NA	NA	NA
r_0651	0	NA	NA	NA	NA	NA	NA
r_0652	0	-14.4936172333333	4.05705274	1	-14.3380139	4.05705274	1
r_0653	0	-14.4936172333333	4.05705274	1	-14.3380139	4.05705274	1
r_0654	0	NA	NA	NA	NA	NA	NA
r_0655	0	NA	NA	NA	NA	NA	NA
r_0656	0	NA	NA	NA	NA	NA	NA
r_0657	1	NA	NA	NA	-42.57726078	5.520289006	1
r_0658	1	NA	NA	NA	-42.57726078	5.520289006	1
r_0659	0	NA	NA	NA	NA	NA	NA
r_0660	0	NA	NA	NA	NA	NA	NA
r_0661	1	-48.7499202	3.770240241	1	NA	NA	NA
r_0662	1	-48.7499202	3.770240241	1	NA	NA	NA
r_0663	0	-20.386827	4.006023058	1	NA	NA	NA
r_0664	0	-24.7993494357143	5.101435567	1	-29.82032479	1.506965911	1
r_0665	0	NA	NA	NA	21.49183923	1.780253755	0
r_0666	0	NA	NA	NA	NA	NA	NA
r_0667	0	-24.7993494357143	5.101435567	1	-21.03361792	5.101435567	1
r_0668	0	-21.03361792	5.101435567	1	-21.03361792	5.101435567	1
r_0669	0	NA	NA	NA	NA	NA	NA
r_0670	0	NA	NA	NA	NA	NA	NA
r_0671	1	NA	NA	NA	-47.36182095	2.456601542	1
r_0672	0	-23.46298895	3.635204461	1	-23.46298895	3.635204461	1
r_0673	0	NA	NA	NA	NA	NA	NA
r_0674	0	NA	NA	NA	-0.450467253	1.948298468	-1
r_0675	0	NA	NA	NA	-0.450467253	1.948298468	-1
r_0676	0	-13.14262142	4.043093128	1	NA	NA	NA
r_0677	0	-13.14262142	4.043093128	1	NA	NA	NA
r_0678	0	NA	NA	NA	NA	NA	NA
r_0679	0	NA	NA	NA	NA	NA	NA
r_0680	0	NA	NA	NA	NA	NA	NA
r_0681	0	NA	NA	NA	NA	NA	NA
r_0682	0	NA	NA	NA	NA	NA	NA
r_0683	0	NA	NA	NA	NA	NA	NA
r_0684	0	NA	NA	NA	NA	NA	NA
r_0685	0	NA	NA	NA	NA	NA	NA
r_0686	0	-14.14814991	2.980835755	1	NA	NA	NA
r_0687	0	-14.14814991	2.980835755	1	NA	NA	NA
r_0688	0	28.27947457	1.082713398	0	28.27947457	1.082713398	0
r_0689	0	28.27947457	1.082713398	0	28.27947457	1.082713398	0
r_0690	0	28.27947457	1.082713398	0	28.27947457	1.082713398	0
r_0691	1	-45.92289001	2.334034748	1	-45.92289001	2.334034748	1
r_0692	1	-45.92289001	2.334034748	1	-45.92289001	2.334034748	1
r_0693	0	6.68405229	1.948579443	1	6.68405229	1.948579443	1
r_0694	0	6.68405229	1.948579443	1	4.675050243	1.948579443	1
r_0695	0	NA	NA	NA	NA	NA	NA
r_0696	0	NA	NA	NA	NA	NA	NA
r_0697	0	NA	NA	NA	NA	NA	NA
r_0698	0	1.895532857	0.583942718	0	1.895532857	0.583942718	0
r_0699	0	NA	NA	NA	-9.677755409	1.51079623	0
r_0700	0	NA	NA	NA	-9.677755409	1.51079623	0
r_0701	0	0	1e+06	1	0	1e+06	1
r_0702	0	-17.4931694	6.294354304	1	-17.4931694	6.294354304	1
r_0703	0	-22.56807462	2.67887846	1	NA	NA	NA
r_0704	0	-11.74605349	2.967908716	1	NA	NA	NA
r_0705	0	-11.74605349	2.967908716	1	NA	NA	NA
r_0706	0	NA	NA	NA	NA	NA	NA
r_0707	0	NA	NA	NA	5.185738944	1.718056543	0
r_0708	0	NA	NA	NA	5.185738944	1.718056543	0
r_0709	0	NA	NA	NA	NA	NA	NA
r_0710	0	8.836451754	1.88177738	1	4.93810616	3.226280508	0
r_0711	0	NA	NA	NA	NA	NA	NA
r_0712	0	NA	NA	NA	NA	NA	NA
r_0713	0	NA	NA	NA	NA	NA	NA
r_0714	0	NA	NA	NA	NA	NA	NA
r_0715	0	NA	NA	NA	NA	NA	NA
r_0716	0	-20.386827	4.006023058	1	NA	NA	NA
r_0717	0	-20.386827	4.006023058	1	NA	NA	NA
r_0718	0	-20.386827	4.006023058	1	NA	NA	NA
r_0719	0	-20.386827	4.006023058	1	NA	NA	NA
r_0720	0	-20.386827	4.006023058	1	NA	NA	NA
r_0721	0	-20.386827	4.006023058	1	NA	NA	NA
r_0722	0	-20.386827	4.006023058	1	NA	NA	NA
r_0723	0	NA	NA	NA	NA	NA	NA
r_0724	0	NA	NA	NA	NA	NA	NA
r_0725	0	-17.34622903	1.759151385	1	-17.34622903	1.759151385	1
r_0726	0	NA	NA	NA	NA	NA	NA
r_0727	0	NA	NA	NA	NA	NA	NA
r_0728	0	NA	NA	NA	NA	NA	NA
r_0729	0	NA	NA	NA	NA	NA	NA
r_0730	0	NA	NA	NA	NA	NA	NA
r_0731	0	NA	NA	NA	-8.86430968	3.429092444	1
r_0732	0	NA	NA	NA	NA	NA	NA
r_0733	0	NA	NA	NA	NA	NA	NA
r_0734	0	NA	NA	NA	NA	NA	NA
r_0735	1	NA	NA	NA	-39.55813958	3.867661751	1
r_0736	0	NA	NA	NA	-14.06916764	3.703337883	1
r_0737	0	NA	NA	NA	-14.06916764	3.703337883	1
r_0738	0	NA	NA	NA	NA	NA	NA
r_0739	0	NA	NA	NA	NA	NA	NA
r_0740	0	NA	NA	NA	-8.880641911	3.219479453	1
r_0741	0	NA	NA	NA	-8.880641911	3.219479453	1
r_0742	1	-80.77499315	1.414213562	1	-80.77499315	1.414213562	1
r_0743	0	NA	NA	NA	NA	NA	NA
r_0744	0	NA	NA	NA	NA	NA	NA
r_0745	1	-80.77499315	1.414213562	1	NA	NA	NA
r_0746	0	NA	NA	NA	-15.36698046	3.980574867	1
r_0747	0	NA	NA	NA	-15.36698046	3.980574867	1
r_0748	0	-24.40342583	4.042892068	1	NA	NA	NA
r_0749	0	-24.40342583	4.042892068	1	NA	NA	NA
r_0750	0	NA	NA	NA	NA	NA	NA
r_0751	0	NA	NA	NA	NA	NA	NA
r_0752	0	NA	NA	NA	NA	NA	NA
r_0753	0	NA	NA	NA	NA	NA	NA
r_0754	0	NA	NA	NA	NA	NA	NA
r_0755	0	NA	NA	NA	NA	NA	NA
r_0756	0	-28.5605019	3.538248127	1	-28.5605019	3.538248127	1
r_0757	0	-28.5605019	3.538248127	1	-28.5605019	3.538248127	1
r_0758	0	NA	NA	NA	NA	NA	NA
r_0759	0	NA	NA	NA	3.062935978	3.80325012	1
r_0760	0	NA	NA	NA	3.062935978	3.80325012	1
r_0761	0	NA	NA	NA	-15.26617901	4.651598953	0
r_0762	0	NA	NA	NA	-15.26617901	4.651598953	0
r_0763	0	-20.90861974	3.893980676	1	-20.90861974	3.893980676	1
r_0764	0	-20.90861974	3.893980676	1	-20.90861974	3.893980676	1
r_0765	0	NA	NA	NA	NA	NA	NA
r_0766	0	NA	NA	NA	NA	NA	NA
r_0767	0	NA	NA	NA	NA	NA	NA
r_0768	0	NA	NA	NA	NA	NA	NA
r_0769	0	NA	NA	NA	NA	NA	NA
r_0770	0	NA	NA	NA	NA	NA	NA
r_0771	0	NA	NA	NA	1.145506221	2.599292593	0
r_0772	0	NA	NA	NA	0.56115027	1.118369716	0
r_0773	0	NA	NA	NA	NA	NA	NA
r_0774	0	NA	NA	NA	-1.805681913	2.060000485	0
r_0775	0	NA	NA	NA	2.234820207	2.935166852	0
r_0776	0	NA	NA	NA	0.452276998	0.66082284	0
r_0777	0	NA	NA	NA	-4.698919545	1.805040506	0
r_0778	0	NA	NA	NA	NA	NA	NA
r_0779	0	NA	NA	NA	-0.945023527	1.563065265	0
r_0780	0	NA	NA	NA	NA	NA	NA
r_0781	0	NA	NA	NA	-24.73722856	2.306008454	1
r_0782	1	-53.00513516	5.371853677	1	NA	NA	NA
r_0783	1	-53.00513516	5.371853677	1	NA	NA	NA
r_0784	0	NA	NA	NA	NA	NA	NA
r_0785	0	NA	NA	NA	6.561799733	0.657470314	0
r_0786	0	-40.37545782	9.735271523	1	NA	NA	NA
r_0787	0	NA	NA	NA	-40.37545782	9.735271523	1
r_0788	0	NA	NA	NA	NA	NA	NA
r_0789	0	NA	NA	NA	-25.9676947	3.770240241	0
r_0790	0	-2.604354197	5.221885301	1	-2.604354197	5.221885301	1
r_0791	0	NA	NA	NA	NA	NA	NA
r_0792	0	NA	NA	NA	NA	NA	NA
r_0793	0	-9.497303159	1.908649338	0	-9.497303159	1.908649338	0
r_0794	0	-35.42179553	7.312324642	1	-35.42179553	7.312324642	1
r_0795	0	NA	NA	NA	NA	NA	NA
r_0796	0	NA	NA	NA	NA	NA	NA
r_0797	0	NA	NA	NA	NA	NA	NA
r_0798	0	NA	NA	NA	NA	NA	NA
r_0799	0	NA	NA	NA	NA	NA	NA
r_0800	0	NA	NA	NA	NA	NA	NA
r_0801	0	NA	NA	NA	NA	NA	NA
r_0802	0	NA	NA	NA	NA	NA	NA
r_0803	0	NA	NA	NA	NA	NA	NA
r_0804	0	NA	NA	NA	NA	NA	NA
r_0805	0	NA	NA	NA	NA	NA	NA
r_0806	0	NA	NA	NA	NA	NA	NA
r_0807	0	NA	NA	NA	NA	NA	NA
r_0808	0	NA	NA	NA	NA	NA	NA
r_0809	0	NA	NA	NA	NA	NA	NA
r_0810	0	NA	NA	NA	NA	NA	NA
r_0811	0	NA	NA	NA	NA	NA	NA
r_0812	0	NA	NA	NA	NA	NA	NA
r_0813	0	NA	NA	NA	NA	NA	NA
r_0814	0	NA	NA	NA	-13.0580293	5.287679045	1
r_0815	0	NA	NA	NA	-13.0580293	5.287679045	1
r_0816	0	-12.67996953	4.847362229	1	-12.67996953	4.847362229	1
r_0817	1	-42.85373037	2.846304918	1	-42.85373037	2.846304918	1
r_0818	0	NA	NA	NA	-28.68814117	1.782305361	1
r_0819	0	NA	NA	NA	NA	NA	NA
r_0820	0	NA	NA	NA	NA	NA	NA
r_0821	0	NA	NA	NA	-20.04650757	7.161647562	1
r_0822	0	NA	NA	NA	NA	NA	NA
r_0823	0	NA	NA	NA	NA	NA	NA
r_0824	0	NA	NA	NA	-28.69770354	1.782305361	1
r_0825	0	NA	NA	NA	1.268221169	2.570477725	0
r_0826	1	-83.36996789	5.628433339	1	NA	NA	NA
r_0827	1	-83.36996789	5.628433339	1	NA	NA	NA
r_0828	0	-14.69326039	2.284103215	1	NA	NA	NA
r_0829	0	0	1e+06	1	NA	NA	NA
r_0830	0	0	1e+06	1	NA	NA	NA
r_0831	0	NA	NA	NA	NA	NA	NA
r_0832	0	NA	NA	NA	NA	NA	NA
r_0833	0	0	1e+06	1	NA	NA	NA
r_0834	0	NA	NA	NA	NA	NA	NA
r_0835	0	NA	NA	NA	NA	NA	NA
r_0836	0	NA	NA	NA	NA	NA	NA
r_0837	0	NA	NA	NA	NA	NA	NA
r_0838	0	NA	NA	NA	NA	NA	NA
r_0839	0	NA	NA	NA	NA	NA	NA
r_0840	0	NA	NA	NA	NA	NA	NA
r_0841	0	NA	NA	NA	NA	NA	NA
r_0842	0	NA	NA	NA	NA	NA	NA
r_0843	0	NA	NA	NA	NA	NA	NA
r_0844	0	NA	NA	NA	NA	NA	NA
r_0845	0	NA	NA	NA	NA	NA	NA
r_0846	0	NA	NA	NA	NA	NA	NA
r_0847	0	NA	NA	NA	NA	NA	NA
r_0848	0	NA	NA	NA	NA	NA	NA
r_0849	0	NA	NA	NA	NA	NA	NA
r_0850	0	29.72652343	2.142454159	1	NA	NA	NA
r_0851	0	29.72652343	2.142454159	1	NA	NA	NA
r_0852	0	29.72652343	2.142454159	1	NA	NA	NA
r_0853	0	0	1e+06	1	NA	NA	NA
r_0854	0	0	1e+06	1	NA	NA	NA
r_0855	0	NA	NA	NA	NA	NA	NA
r_0856	1	NA	NA	NA	-38.02577187	3.218850588	1
r_0857	0	3.557761227	1.698939506	1	3.557761227	1.698939506	1
r_0858	0	NA	NA	NA	NA	NA	NA
r_0859	0	-19.26973788	0.845122897	1	-19.26973788	0.845122897	1
r_0860	0	-19.26973788	0.845122897	1	NA	NA	NA
r_0861	0	-7.005593644	0.95969931	0	-7.005593644	0.95969931	0
r_0862	0	5.417246392	2.021388414	1	5.417246392	2.021388414	1
r_0863	0	NA	NA	NA	-2.958363105	2.098786274	0
r_0864	-1	33.4013101	1.216953031	1	33.4013101	1.216953031	1
r_0865	0	18.77395858	0.559683997	0	18.77395858	0.559683997	0
r_0866	0	-3.994235267	0.455483117	0	-3.994235267	0.455483117	0
r_0867	0	NA	NA	NA	NA	NA	NA
r_0868	0	NA	NA	NA	NA	NA	NA
r_0869	0	NA	NA	NA	NA	NA	NA
r_0870	0	NA	NA	NA	NA	NA	NA
r_0871	0	NA	NA	NA	NA	NA	NA
r_0872	0	NA	NA	NA	NA	NA	NA
r_0873	0	NA	NA	NA	NA	NA	NA
r_0874	0	NA	NA	NA	NA	NA	NA
r_0875	0	-7.005593644	0.95969931	0	-7.005593644	0.95969931	0
r_0876	0	NA	NA	NA	0.647560418	1.942273307	1
r_0877	0	NA	NA	NA	NA	NA	NA
r_0878	0	NA	NA	NA	-15.25542867	5.864879785	1
r_0879	0	NA	NA	NA	-25.60433704	1.642520916	1
r_0880	0	-7.005593644	0.95969931	0	-9.466200962	1.929460087	0
r_0881	0	NA	NA	NA	NA	NA	NA
r_0882	1	NA	NA	NA	-34.98771105	1.782769253	1
r_0883	0	NA	NA	NA	NA	NA	NA
r_0884	0	NA	NA	NA	0	1e+06	1
r_0885	-1	NA	NA	NA	58.34406732	4.574946204	0
r_0886	0	0	1e+06	1	0	1e+06	1
r_0887	0	NA	NA	NA	-3.049902837	1.349288904	1
r_0888	1	-69.14423863	4.687032256	1	-69.14423863	4.687032256	1
r_0889	0	NA	NA	NA	-25.67151858	2.67887846	0
r_0890	0	NA	NA	NA	-26.43742041	2.485027787	0
r_0891	0	-4.178007855	1.785648684	0	-4.178007855	1.785648684	0
r_0892	0	-7.466157104	1.455171728	1	-7.466157104	1.455171728	1
r_0893	0	NA	NA	NA	-14.6162839	0.465547252	1
r_0894	0	NA	NA	NA	NA	NA	NA
r_0895	0	NA	NA	NA	NA	NA	NA
r_0896	0	NA	NA	NA	NA	NA	NA
r_0897	0	NA	NA	NA	NA	NA	NA
r_0898	0	NA	NA	NA	NA	NA	NA
r_0899	0	NA	NA	NA	NA	NA	NA
r_0900	0	NA	NA	NA	NA	NA	NA
r_0901	0	NA	NA	NA	NA	NA	NA
r_0902	0	NA	NA	NA	NA	NA	NA
r_0903	0	NA	NA	NA	NA	NA	NA
r_0904	0	NA	NA	NA	NA	NA	NA
r_0905	0	NA	NA	NA	NA	NA	NA
r_0906	0	NA	NA	NA	NA	NA	NA
r_0907	0	NA	NA	NA	NA	NA	NA
r_0908	1	-214.8005616	9.470374282	1	-214.8005616	9.470374282	1
r_0909	0	NA	NA	NA	NA	NA	NA
r_0910	0	NA	NA	NA	NA	NA	NA
r_0911	1	NA	NA	NA	-167.46795	11.25355682	1
r_0912	1	NA	NA	NA	-114.3680385	11.34206953	1
r_0913	0	NA	NA	NA	NA	NA	NA
r_0914	0	NA	NA	NA	NA	NA	NA
r_0915	0	-3.275924341	8.150020445	1	NA	NA	NA
r_0916	0	0	1e+06	1	NA	NA	NA
r_0917	0	NA	NA	NA	NA	NA	NA
r_0918	0	NA	NA	NA	8.221886625	1.9401453	0
r_0919	0	NA	NA	NA	8.221886625	1.9401453	0
r_0920	0	NA	NA	NA	NA	NA	NA
r_0921	0	NA	NA	NA	NA	NA	NA
r_0922	0	NA	NA	NA	NA	NA	NA
r_0923	0	NA	NA	NA	0	1e+06	0
r_0924	0	NA	NA	NA	0	1e+06	0
r_0925	0	NA	NA	NA	0	1e+06	0
r_0926	0	NA	NA	NA	11.89691554	3.770240241	0
r_0927	0	NA	NA	NA	-18.28410323	1.684522137	1
r_0928	1	-97.10958757	2.229462739	1	NA	NA	NA
r_0929	1	-97.10958757	2.229462739	1	-89.37551634	2.229462739	1
r_0930	0	NA	NA	NA	-21.48891058	2.733312672	1
r_0931	1	-97.10958757	2.229462739	1	-104.8436588	1.563353754	1
r_0932	0	NA	NA	NA	-13.47531888	2.207929409	1
r_0933	1	-97.10958757	2.229462739	1	NA	NA	NA
r_0934	0	NA	NA	NA	NA	NA	NA
r_0935	0	NA	NA	NA	2.410725518	1.908649338	0
r_0936	1	-48.7499202	3.770240241	1	-48.7499202	3.770240241	1
r_0937	0	NA	NA	NA	NA	NA	NA
r_0938	0	NA	NA	NA	NA	NA	NA
r_0939	0	NA	NA	NA	NA	NA	NA
r_0940	1	NA	NA	NA	-39.05455897	2.064260354	1
r_0941	0	-25.15318351	0.549781437	1	-25.15318351	0.549781437	1
r_0942	0	NA	NA	NA	NA	NA	NA
r_0943	0	NA	NA	NA	NA	NA	NA
r_0944	0	NA	NA	NA	NA	NA	NA
r_0945	0	NA	NA	NA	-29.4361481	1.459542669	1
r_0946	0	0	1e+06	1	0	1e+06	1
r_0947	0	0	1e+06	1	0	1e+06	1
r_0948	0	NA	NA	NA	NA	NA	NA
r_0949	0	-40.689936985	11.29615315	1	-36.36366865	10.4302637	1
r_0950	0	-26.18430125	2.37489586	1	-26.18430125	2.37489586	1
r_0951	1	NA	NA	NA	-50.21963122	3.675067042	1
r_0952	1	NA	NA	NA	-50.21963122	3.675067042	1
r_0953	0	NA	NA	NA	NA	NA	NA
r_0954	0	NA	NA	NA	NA	NA	NA
r_0955	1	NA	NA	NA	-46.93600192	3.400314897	1
r_0956	1	NA	NA	NA	-46.93600192	3.400314897	1
r_0957	0	NA	NA	NA	-8.602831306	5.743643715	1
r_0958	0	NA	NA	NA	-8.602831306	5.743643715	1
r_0959	0	NA	NA	NA	NA	NA	NA
r_0960	0	NA	NA	NA	NA	NA	NA
r_0961	0	NA	NA	NA	NA	NA	NA
r_0962	0	NA	NA	NA	NA	NA	NA
r_0963	0	NA	NA	NA	1.926916641	1.014612714	0
r_0964	0	NA	NA	NA	NA	NA	NA
r_0965	0	0	0	0	0	0	0
r_0966	0	NA	NA	NA	NA	NA	NA
r_0967	0	NA	NA	NA	NA	NA	NA
r_0968	0	-23.21538552	2.901894046	1	-23.21538552	2.901894046	1
r_0969	0	NA	NA	NA	NA	NA	NA
r_0970	0	NA	NA	NA	NA	NA	NA
r_0971	0	25.71227131	0.815082918	0	NA	NA	NA
r_0972	0	NA	NA	NA	NA	NA	NA
r_0973	0	NA	NA	NA	NA	NA	NA
r_0974	0	NA	NA	NA	-6.79678654	3.635204461	0
r_0975	1	-62.57780134	3.317453129	1	NA	NA	NA
r_0976	0	NA	NA	NA	NA	NA	NA
r_0977	0	NA	NA	NA	NA	NA	NA
r_0978	0	0	1e+06	1	NA	NA	NA
r_0979	0	0	1e+06	1	0	1e+06	1
r_0980	0	NA	NA	NA	NA	NA	NA
r_0981	0	NA	NA	NA	-23.92038285	1.448098427	1
r_0982	0	0	1e+06	1	0	1e+06	1
r_0983	0	NA	NA	NA	NA	NA	NA
r_0984	0	NA	NA	NA	NA	NA	NA
r_0985	0	-5.958399502	1.481854052	1	NA	NA	NA
r_0986	0	-5.958399502	1.481854052	1	NA	NA	NA
r_0987	0	NA	NA	NA	NA	NA	NA
r_0988	0	NA	NA	NA	NA	NA	NA
r_0989	0	NA	NA	NA	0	0	0
r_0990	0	NA	NA	NA	0	0	0
r_0991	0	NA	NA	NA	NA	NA	NA
r_0992	0	NA	NA	NA	NA	NA	NA
r_0993	0	NA	NA	NA	NA	NA	NA
r_0994	0	NA	NA	NA	NA	NA	NA
r_0995	0	NA	NA	NA	NA	NA	NA
r_0996	0	NA	NA	NA	NA	NA	NA
r_0997	0	NA	NA	NA	NA	NA	NA
r_0998	0	NA	NA	NA	NA	NA	NA
r_0999	0	NA	NA	NA	NA	NA	NA
r_1000	0	NA	NA	NA	NA	NA	NA
r_1001	0	NA	NA	NA	-24.70044989	2.575213381	1
r_1002	0	NA	NA	NA	NA	NA	NA
r_1003	0	-4.634188675	2.081728289	0	-4.634188675	2.081728289	0
r_1004	1	-47.16518579	3.116823126	1	-47.16518579	3.116823126	1
r_1005	0	NA	NA	NA	NA	NA	NA
r_1006	0	25.31962313	3.010333219	1	NA	NA	NA
r_1007	0	NA	NA	NA	NA	NA	NA
r_1008	-1	NA	NA	NA	102.888227	4.472135955	-1
r_1009	0	NA	NA	NA	-29.4361481	1.459542669	1
r_1010	0	NA	NA	NA	0	1e+06	1
r_1011	0	NA	NA	NA	NA	NA	NA
r_1012	0	-15.33433769	4.171329953	1	NA	NA	NA
r_1013	0	NA	NA	NA	NA	NA	NA
r_1014	0	NA	NA	NA	NA	NA	NA
r_1015	0	NA	NA	NA	NA	NA	NA
r_1016	0	NA	NA	NA	NA	NA	NA
r_1017	0	NA	NA	NA	NA	NA	NA
r_1018	0	NA	NA	NA	NA	NA	NA
r_1019	0	NA	NA	NA	-6.899125164	3.770240564	1
r_1020	0	NA	NA	NA	1.529676427	1.942274191	1
r_1021	0	NA	NA	NA	NA	NA	NA
r_1022	0	NA	NA	NA	NA	NA	NA
r_1023	1	NA	NA	NA	-312.5721713	2.449489743	1
r_1024	0	-4.86776339	1.414213562	1	-4.86776339	1.414213562	1
r_1025	0	NA	NA	NA	-4.86776339	1.414213562	1
r_1026	0	NA	NA	NA	11.84451339	2.721218394	1
r_1027	0	NA	NA	NA	-26.40508984	3.20924544	1
r_1028	1	-55.91907162	4.163154134	1	NA	NA	NA
r_1029	1	-55.91907162	4.163154134	1	NA	NA	NA
r_1030	0	NA	NA	NA	-25.26652289	3.01499586	1
r_1031	0	NA	NA	NA	NA	NA	NA
r_1032	1	-50.149025	3.547531369	1	-50.149025	3.547531369	1
r_1033	0	NA	NA	NA	NA	NA	NA
r_1034	0	NA	NA	NA	NA	NA	NA
r_1035	0	-1.072682582	1.746473502	0	-1.072682582	1.746473502	0
r_1036	0	NA	NA	NA	-9.180010961	2.442300573	0
r_1037	0	NA	NA	NA	-15.14003748	2.442300573	0
r_1038	0	NA	NA	NA	-11.67915128	3.140522254	1
r_1039	0	NA	NA	NA	NA	NA	NA
r_1040	0	NA	NA	NA	NA	NA	NA
r_1041	0	6.017883915	0.895019343	0	NA	NA	NA
r_1042	0	NA	NA	NA	-30.14327069	4.045229344	1
r_1043	0	NA	NA	NA	NA	NA	NA
r_1044	1	-62.31661968	6.701785102	1	NA	NA	NA
r_1045	1	-62.31661968	6.701785102	1	NA	NA	NA
r_1046	0	NA	NA	NA	NA	NA	NA
r_1047	0	NA	NA	NA	NA	NA	NA
r_1048	0	NA	NA	NA	NA	NA	NA
r_1049	0	NA	NA	NA	NA	NA	NA
r_1050	0	NA	NA	NA	-1.69198727	2.570477725	0
r_1051	0	NA	NA	NA	-1.69198727	2.570477725	0
r_1052	0	NA	NA	NA	-1.69198727	2.570477725	0
r_1053	1	-91.00773412	6.317351481	1	NA	NA	NA
r_1054	1	-91.00773412	6.317351481	1	NA	NA	NA
r_1055	0	NA	NA	NA	NA	NA	NA
r_1056	0	NA	NA	NA	NA	NA	NA
r_1057	0	0	0	NA	0	0	0
r_1058	0	0	0	0	0	0	0
r_1059	0	NA	NA	NA	-0.28400793	7.436532721	0
r_1060	0	NA	NA	NA	-0.28400793	7.436532721	0
r_1061	0	-20.06890192	7.202873967	1	-20.06890192	7.202873967	1
r_1062	0	NA	NA	NA	NA	NA	NA
r_1063	0	-24.84072863	3.661270794	1	NA	NA	NA
r_1064	0	-20.352569655	7.111842743	1	NA	NA	NA
r_1065	0	-20.352569655	7.111842743	1	-19.54441018	7.111842743	1
r_1066	0	NA	NA	NA	36.38895169	5.182968045	0
r_1067	0	NA	NA	NA	36.38895169	5.182968045	0
r_1068	0	NA	NA	NA	0	1e+06	1
r_1069	0	0	1e+06	1	NA	NA	NA
r_1070	0	0	1e+06	1	0	1e+06	1
r_1071	0	NA	NA	NA	NA	NA	NA
r_1072	0	3.192311483	1.211026432	1	3.192311483	1.211026432	1
r_1073	0	NA	NA	NA	-2.558797848	3.943626492	0
r_1074	0	NA	NA	NA	-2.558797848	3.943626492	0
r_1075	0	-9.842880306	4.648447033	1	NA	NA	NA
r_1076	0	-9.842880306	4.648447033	1	NA	NA	NA
r_1077	0	NA	NA	NA	NA	NA	NA
r_1078	0	NA	NA	NA	NA	NA	NA
r_1079	0	NA	NA	NA	NA	NA	NA
r_1080	0	NA	NA	NA	NA	NA	NA
r_1081	0	-20.386827	4.006023058	1	NA	NA	NA
r_1082	0	NA	NA	NA	-27.72094414	2.471802142	1
r_1083	0	NA	NA	NA	NA	NA	NA
r_1084	0	NA	NA	NA	NA	NA	NA
r_1085	0	NA	NA	NA	NA	NA	NA
r_1086	0	NA	NA	NA	NA	NA	NA
r_1087	0	NA	NA	NA	NA	NA	NA
r_1088	0	NA	NA	NA	NA	NA	NA
r_1089	0	NA	NA	NA	NA	NA	NA
r_1090	0	NA	NA	NA	NA	NA	NA
r_1091	0	NA	NA	NA	0	0	0
r_1092	0	NA	NA	NA	NA	NA	NA
r_1093	0	NA	NA	NA	NA	NA	NA
r_1094	0	NA	NA	NA	0	0	0
r_1095	0	NA	NA	NA	NA	NA	NA
r_1096	0	NA	NA	NA	NA	NA	NA
r_1097	0	NA	NA	NA	NA	NA	NA
r_1098	0	NA	NA	NA	NA	NA	NA
r_1099	0	NA	NA	NA	0	0	0
r_1100	0	NA	NA	NA	0	0	0
r_1101	0	NA	NA	NA	NA	NA	NA
r_1102	0	NA	NA	NA	NA	NA	NA
r_1103	0	NA	NA	NA	NA	NA	NA
r_1104	0	NA	NA	NA	NA	NA	NA
r_1105	0	NA	NA	NA	NA	NA	NA
r_1106	0	NA	NA	NA	NA	NA	NA
r_1107	0	NA	NA	NA	0	0	0
r_1108	0	NA	NA	NA	0	0	0
r_1109	0	NA	NA	NA	NA	NA	NA
r_1110	0	NA	NA	NA	NA	NA	NA
r_1111	0	NA	NA	NA	NA	NA	NA
r_1112	0	NA	NA	NA	NA	NA	NA
r_1113	0	NA	NA	NA	NA	NA	NA
r_1114	0	NA	NA	NA	NA	NA	NA
r_1115	0	NA	NA	NA	NA	NA	NA
r_1116	0	NA	NA	NA	NA	NA	NA
r_1117	0	NA	NA	NA	NA	NA	NA
r_1118	0	NA	NA	NA	NA	NA	NA
r_1119	0	NA	NA	NA	NA	NA	NA
r_1120	0	NA	NA	NA	NA	NA	NA
r_1121	0	NA	NA	NA	NA	NA	NA
r_1122	0	NA	NA	NA	NA	NA	NA
r_1123	0	NA	NA	NA	NA	NA	NA
r_1124	0	NA	NA	NA	0	0	0
r_1125	0	NA	NA	NA	0	0	1
r_1126	0	NA	NA	NA	NA	NA	NA
r_1127	0	NA	NA	NA	NA	NA	NA
r_1128	0	NA	NA	NA	NA	NA	NA
r_1129	0	NA	NA	NA	NA	NA	NA
r_1130	0	NA	NA	NA	NA	NA	NA
r_1131	0	NA	NA	NA	NA	NA	NA
r_1132	0	NA	NA	NA	NA	NA	NA
r_1133	0	NA	NA	NA	NA	NA	NA
r_1134	0	NA	NA	NA	0	0	0
r_1135	0	NA	NA	NA	0	0	0
r_1136	0	NA	NA	NA	0	0	0
r_1137	0	NA	NA	NA	0	0	0
r_1138	0	NA	NA	NA	0	0	0
r_1139	0	NA	NA	NA	0	0	0
r_1140	0	NA	NA	NA	0	0	0
r_1141	0	NA	NA	NA	NA	NA	NA
r_1142	0	NA	NA	NA	NA	NA	NA
r_1143	0	NA	NA	NA	0	0	0
r_1144	0	NA	NA	NA	0	0	0
r_1145	0	NA	NA	NA	NA	NA	NA
r_1146	0	NA	NA	NA	0	0	NA
r_1147	0	NA	NA	NA	NA	NA	NA
r_1148	0	NA	NA	NA	NA	NA	NA
r_1149	0	NA	NA	NA	NA	NA	NA
r_1150	0	NA	NA	NA	NA	NA	NA
r_1151	0	NA	NA	NA	NA	NA	NA
r_1152	0	NA	NA	NA	0	0	0
r_1153	0	NA	NA	NA	NA	NA	NA
r_1154	0	NA	NA	NA	0	0	0
r_1155	0	NA	NA	NA	NA	NA	NA
r_1156	0	NA	NA	NA	0	0	0
r_1157	0	NA	NA	NA	0	0	0
r_1158	0	NA	NA	NA	0	0	0
r_1159	0	NA	NA	NA	0	0	0
r_1160	0	NA	NA	NA	NA	NA	NA
r_1161	0	NA	NA	NA	0	0	1
r_1162	0	NA	NA	NA	0	0	0
r_1163	0	NA	NA	NA	0	0	1
r_1164	0	NA	NA	NA	NA	NA	NA
r_1165	0	NA	NA	NA	NA	NA	NA
r_1166	0	NA	NA	NA	NA	NA	NA
r_1167	0	NA	NA	NA	NA	NA	NA
r_1168	0	NA	NA	NA	NA	NA	NA
r_1169	0	NA	NA	NA	NA	NA	NA
r_1170	0	NA	NA	NA	NA	NA	NA
r_1171	0	NA	NA	NA	NA	NA	NA
r_1172	0	NA	NA	NA	0	0	NA
r_1173	0	NA	NA	NA	NA	NA	NA
r_1174	0	NA	NA	NA	NA	NA	NA
r_1175	0	NA	NA	NA	NA	NA	NA
r_1176	0	NA	NA	NA	NA	NA	NA
r_1177	0	NA	NA	NA	NA	NA	NA
r_1178	0	NA	NA	NA	NA	NA	NA
r_1179	0	NA	NA	NA	0	0	0
r_1180	0	NA	NA	NA	0	0	1
r_1181	0	NA	NA	NA	NA	NA	NA
r_1182	0	NA	NA	NA	NA	NA	NA
r_1183	0	NA	NA	NA	NA	NA	NA
r_1184	0	NA	NA	NA	NA	NA	NA
r_1185	0	NA	NA	NA	NA	NA	NA
r_1186	0	NA	NA	NA	NA	NA	NA
r_1187	0	NA	NA	NA	0	0	0
r_1188	0	NA	NA	NA	0	0	0
r_1189	0	NA	NA	NA	0	0	0
r_1190	0	NA	NA	NA	0	0	0
r_1191	0	NA	NA	NA	0	0	0
r_1192	0	NA	NA	NA	0	0	0
r_1193	0	NA	NA	NA	0	0	0
r_1194	0	NA	NA	NA	0	0	0
r_1195	0	NA	NA	NA	NA	NA	NA
r_1196	0	NA	NA	NA	NA	NA	NA
r_1197	0	NA	NA	NA	NA	NA	NA
r_1198	0	NA	NA	NA	NA	NA	NA
r_1199	0	NA	NA	NA	NA	NA	NA
r_1200	0	NA	NA	NA	0	0	NA
r_1201	0	NA	NA	NA	0	0	1
r_1202	0	NA	NA	NA	0	0	0
r_1203	0	NA	NA	NA	NA	NA	NA
r_1204	0	NA	NA	NA	NA	NA	NA
r_1205	0	NA	NA	NA	0	0	1
r_1206	0	NA	NA	NA	0	0	0
r_1207	0	NA	NA	NA	0	0	0
r_1208	0	NA	NA	NA	0	0	0
r_1209	0	NA	NA	NA	NA	NA	NA
r_1210	0	NA	NA	NA	NA	NA	NA
r_1211	0	NA	NA	NA	0	0	NA
r_1212	0	NA	NA	NA	0	0	0
r_1213	0	NA	NA	NA	NA	NA	NA
r_1214	0	NA	NA	NA	NA	NA	NA
r_1215	0	NA	NA	NA	NA	NA	NA
r_1216	0	NA	NA	NA	0	0	1
r_1217	0	NA	NA	NA	0	0	1
r_1218	0	NA	NA	NA	0	0	1
r_1219	0	NA	NA	NA	0	0	1
r_1220	0	NA	NA	NA	0	0	1
r_1221	0	NA	NA	NA	NA	NA	NA
r_1222	0	NA	NA	NA	NA	NA	NA
r_1223	0	NA	NA	NA	NA	NA	NA
r_1224	0	NA	NA	NA	NA	NA	NA
r_1225	0	NA	NA	NA	NA	NA	NA
r_1226	0	NA	NA	NA	NA	NA	NA
r_1227	0	NA	NA	NA	NA	NA	NA
r_1228	0	NA	NA	NA	NA	NA	NA
r_1229	0	NA	NA	NA	NA	NA	NA
r_1230	0	NA	NA	NA	NA	NA	NA
r_1231	0	NA	NA	NA	NA	NA	NA
r_1232	0	NA	NA	NA	NA	NA	NA
r_1233	0	NA	NA	NA	NA	NA	NA
r_1234	0	NA	NA	NA	NA	NA	NA
r_1235	0	NA	NA	NA	0	0	0
r_1236	0	NA	NA	NA	NA	NA	NA
r_1237	0	NA	NA	NA	0	0	0
r_1238	0	NA	NA	NA	NA	NA	NA
r_1239	0	NA	NA	NA	NA	NA	NA
r_1240	0	NA	NA	NA	NA	NA	NA
r_1241	0	NA	NA	NA	NA	NA	NA
r_1242	0	NA	NA	NA	NA	NA	NA
r_1243	0	NA	NA	NA	NA	NA	NA
r_1244	0	NA	NA	NA	NA	NA	NA
r_1245	0	NA	NA	NA	NA	NA	NA
r_1246	0	NA	NA	NA	NA	NA	NA
r_1247	0	NA	NA	NA	0	0	0
r_1248	0	NA	NA	NA	0	0	0
r_1249	0	NA	NA	NA	0	0	0
r_1250	0	NA	NA	NA	NA	NA	NA
r_1251	0	NA	NA	NA	NA	NA	NA
r_1252	0	NA	NA	NA	NA	NA	NA
r_1253	0	NA	NA	NA	NA	NA	NA
r_1254	0	NA	NA	NA	NA	NA	NA
r_1255	0	NA	NA	NA	0	0	0
r_1256	0	NA	NA	NA	NA	NA	NA
r_1257	0	NA	NA	NA	0	0	1
r_1258	0	NA	NA	NA	NA	NA	NA
r_1259	0	NA	NA	NA	0	0	1
r_1260	0	NA	NA	NA	NA	NA	NA
r_1261	0	NA	NA	NA	NA	NA	NA
r_1262	0	NA	NA	NA	NA	NA	NA
r_1263	0	NA	NA	NA	0	0	0
r_1264	0	NA	NA	NA	0	0	1
r_1265	0	NA	NA	NA	NA	NA	NA
r_1266	0	NA	NA	NA	NA	NA	NA
r_1267	0	NA	NA	NA	NA	NA	NA
r_1268	0	NA	NA	NA	NA	NA	NA
r_1269	0	NA	NA	NA	NA	NA	NA
r_1270	0	NA	NA	NA	NA	NA	NA
r_1271	0	NA	NA	NA	NA	NA	NA
r_1272	0	NA	NA	NA	NA	NA	NA
r_1273	0	NA	NA	NA	NA	NA	NA
r_1274	0	NA	NA	NA	NA	NA	NA
r_1275	0	NA	NA	NA	0	0	1
r_1276	0	NA	NA	NA	NA	NA	NA
r_1277	0	NA	NA	NA	0	0	1
r_1278	0	NA	NA	NA	NA	NA	NA
r_1279	0	NA	NA	NA	NA	NA	NA
r_1280	0	NA	NA	NA	NA	NA	NA
r_1281	0	NA	NA	NA	NA	NA	NA
r_1282	0	NA	NA	NA	NA	NA	NA
r_1283	0	NA	NA	NA	NA	NA	NA
r_1284	0	NA	NA	NA	NA	NA	NA
r_1285	0	NA	NA	NA	0	0	NA
r_1286	0	NA	NA	NA	0	0	NA
r_1287	0	NA	NA	NA	NA	NA	NA
r_1288	0	NA	NA	NA	NA	NA	NA
r_1289	0	NA	NA	NA	0	0	0
r_1290	0	NA	NA	NA	NA	NA	NA
r_1291	0	NA	NA	NA	NA	NA	NA
r_1292	0	NA	NA	NA	0	0	0
r_1293	0	NA	NA	NA	0	0	NA
r_1294	0	NA	NA	NA	0	0	NA
r_1295	0	NA	NA	NA	0	0	0
r_1296	0	NA	NA	NA	0	0	0
r_1297	0	NA	NA	NA	0	0	0
r_1298	0	NA	NA	NA	0	0	0
r_1299	0	NA	NA	NA	0	0	0
r_1300	0	NA	NA	NA	NA	NA	NA
r_1301	0	NA	NA	NA	0	0	0
r_1302	0	NA	NA	NA	0	0	1
r_1303	0	NA	NA	NA	0	0	1
r_1304	0	NA	NA	NA	0	0	0
r_1305	0	NA	NA	NA	0	0	0
r_1306	0	NA	NA	NA	NA	NA	NA
r_1307	0	NA	NA	NA	NA	NA	NA
r_1308	0	NA	NA	NA	NA	NA	NA
r_1309	0	NA	NA	NA	NA	NA	NA
r_1310	0	NA	NA	NA	0	0	0
r_1311	0	NA	NA	NA	0	0	1
r_1312	0	NA	NA	NA	0	0	1
r_1313	0	NA	NA	NA	0	0	1
r_1314	0	NA	NA	NA	0	0	0
r_1315	0	NA	NA	NA	0	0	0
r_1316	0	NA	NA	NA	0	0	0
r_1317	0	NA	NA	NA	0	0	0
r_1318	0	NA	NA	NA	0	0	0
r_1319	0	NA	NA	NA	0	0	0
r_1320	0	NA	NA	NA	0	0	0
r_1321	0	NA	NA	NA	0	0	0
r_1322	0	NA	NA	NA	NA	NA	NA
r_1323	0	NA	NA	NA	0	0	1
r_1324	0	NA	NA	NA	NA	NA	NA
r_1325	0	NA	NA	NA	0	0	0
r_1326	0	NA	NA	NA	0	0	0
r_1327	0	NA	NA	NA	NA	NA	NA
r_1328	0	NA	NA	NA	NA	NA	NA
r_1329	0	NA	NA	NA	NA	NA	NA
r_1330	0	NA	NA	NA	NA	NA	NA
r_1331	0	NA	NA	NA	NA	NA	NA
r_1332	0	NA	NA	NA	0	0	NA
r_1333	0	NA	NA	NA	0	0	NA
r_1334	0	NA	NA	NA	NA	NA	NA
r_1335	0	NA	NA	NA	NA	NA	NA
r_1336	0	NA	NA	NA	0	0	NA
r_1337	0	NA	NA	NA	0	0	NA
r_1338	0	NA	NA	NA	0	0	0
r_1339	0	NA	NA	NA	NA	NA	NA
r_1340	0	NA	NA	NA	NA	NA	NA
r_1341	0	NA	NA	NA	0	0	0
r_1342	0	NA	NA	NA	0	0	0
r_1343	0	NA	NA	NA	0	0	0
r_1344	0	NA	NA	NA	NA	NA	NA
r_1345	0	NA	NA	NA	NA	NA	NA
r_1346	0	NA	NA	NA	0	0	0
r_1347	0	NA	NA	NA	0	0	1
r_1348	0	NA	NA	NA	NA	NA	NA
r_1349	0	NA	NA	NA	NA	NA	NA
r_1350	0	NA	NA	NA	0	0	1
r_1351	0	NA	NA	NA	0	0	1
r_1352	0	NA	NA	NA	0	0	0
r_1353	0	NA	NA	NA	0	0	0
r_1354	0	NA	NA	NA	0	0	0
r_1355	0	NA	NA	NA	0	0	1
r_1356	0	NA	NA	NA	0	0	1
r_1357	0	NA	NA	NA	0	0	NA
r_1358	0	NA	NA	NA	0	0	NA
r_1359	0	NA	NA	NA	NA	NA	NA
r_1360	0	NA	NA	NA	0	0	1
r_1361	0	NA	NA	NA	NA	NA	NA
r_1362	0	NA	NA	NA	NA	NA	NA
r_1363	0	NA	NA	NA	0	0	0
r_1364	0	NA	NA	NA	0	0	0
r_1365	0	NA	NA	NA	NA	NA	NA
r_1366	0	NA	NA	NA	0	0	0
r_1367	0	NA	NA	NA	0	0	0
r_1368	0	NA	NA	NA	NA	NA	NA
r_1369	0	NA	NA	NA	NA	NA	NA
r_1370	0	NA	NA	NA	NA	NA	NA
r_1371	0	NA	NA	NA	NA	NA	NA
r_1372	0	NA	NA	NA	0	0	0
r_1373	0	NA	NA	NA	0	0	0
r_1374	0	NA	NA	NA	0	0	0
r_1375	0	NA	NA	NA	0	0	0
r_1376	0	NA	NA	NA	0	0	0
r_1377	0	NA	NA	NA	0	0	0
r_1378	0	NA	NA	NA	0	0	0
r_1379	0	NA	NA	NA	0	0	0
r_1380	0	NA	NA	NA	0	0	0
r_1381	0	NA	NA	NA	0	0	0
r_1382	0	NA	NA	NA	0	0	0
r_1383	0	NA	NA	NA	0	0	0
r_1384	0	NA	NA	NA	0	0	0
r_1385	0	NA	NA	NA	0	0	1
r_1386	0	NA	NA	NA	0	0	1
r_1387	0	NA	NA	NA	NA	NA	NA
r_1388	0	NA	NA	NA	NA	NA	NA
r_1389	0	NA	NA	NA	0	0	0
r_1390	0	NA	NA	NA	0	0	0
r_1391	0	NA	NA	NA	0	0	0
r_1392	0	NA	NA	NA	0	0	0
r_1393	0	NA	NA	NA	0	0	0
r_1394	0	NA	NA	NA	0	0	0
r_1395	0	NA	NA	NA	NA	NA	NA
r_1396	0	NA	NA	NA	0	0	NA
r_1397	0	NA	NA	NA	0	0	0
r_1398	0	NA	NA	NA	0	0	0
r_1399	0	NA	NA	NA	0	0	0
r_1400	0	NA	NA	NA	0	0	0
r_1401	0	NA	NA	NA	0	0	0
r_1402	0	NA	NA	NA	0	0	0
r_1403	0	NA	NA	NA	NA	NA	NA
r_1404	0	NA	NA	NA	0	0	1
r_1405	0	NA	NA	NA	NA	NA	NA
r_1406	0	NA	NA	NA	NA	NA	NA
r_1407	0	NA	NA	NA	NA	NA	NA
r_1408	0	NA	NA	NA	NA	NA	NA
r_1409	0	NA	NA	NA	NA	NA	NA
r_1410	0	NA	NA	NA	NA	NA	NA
r_1411	0	NA	NA	NA	0	0	0
r_1412	0	NA	NA	NA	NA	NA	NA
r_1413	0	NA	NA	NA	NA	NA	NA
r_1414	0	NA	NA	NA	NA	NA	NA
r_1415	0	NA	NA	NA	NA	NA	NA
r_1416	0	NA	NA	NA	NA	NA	NA
r_1417	0	NA	NA	NA	NA	NA	NA
r_1418	0	NA	NA	NA	NA	NA	NA
r_1419	0	NA	NA	NA	NA	NA	NA
r_1420	0	NA	NA	NA	NA	NA	NA
r_1421	0	NA	NA	NA	NA	NA	NA
r_1422	0	NA	NA	NA	NA	NA	NA
r_1423	0	NA	NA	NA	NA	NA	NA
r_1424	0	NA	NA	NA	NA	NA	NA
r_1425	0	NA	NA	NA	0	0	0
r_1426	0	NA	NA	NA	0	0	NA
r_1427	0	NA	NA	NA	0	0	NA
r_1428	0	NA	NA	NA	NA	NA	NA
r_1429	0	NA	NA	NA	NA	NA	NA
r_1430	0	NA	NA	NA	NA	NA	NA
r_1431	0	NA	NA	NA	NA	NA	NA
r_1432	0	NA	NA	NA	NA	NA	NA
r_1433	0	NA	NA	NA	0	0	0
r_1434	0	NA	NA	NA	0	0	0
r_1435	0	NA	NA	NA	0	0	0
r_1436	0	NA	NA	NA	0	0	0
r_1437	0	NA	NA	NA	NA	NA	NA
r_1438	0	NA	NA	NA	NA	NA	NA
r_1439	0	NA	NA	NA	0	0	0
r_1440	0	NA	NA	NA	NA	NA	NA
r_1441	0	NA	NA	NA	NA	NA	NA
r_1442	0	NA	NA	NA	NA	NA	NA
r_1443	0	NA	NA	NA	NA	NA	NA
r_1444	0	NA	NA	NA	NA	NA	NA
r_1445	0	NA	NA	NA	0	0	0
r_1446	0	NA	NA	NA	NA	NA	NA
r_1447	0	NA	NA	NA	NA	NA	NA
r_1448	0	NA	NA	NA	NA	NA	NA
r_1449	0	NA	NA	NA	NA	NA	NA
r_1450	0	NA	NA	NA	NA	NA	NA
r_1451	0	NA	NA	NA	0	0	1
r_1452	0	NA	NA	NA	NA	NA	NA
r_1453	0	NA	NA	NA	NA	NA	NA
r_1454	0	NA	NA	NA	0	0	0
r_1455	0	NA	NA	NA	0	0	0
r_1456	0	NA	NA	NA	0	0	0
r_1457	0	NA	NA	NA	0	0	0
r_1458	0	NA	NA	NA	0	0	0
r_1459	0	NA	NA	NA	0	0	0
r_1460	0	NA	NA	NA	NA	NA	NA
r_1461	0	NA	NA	NA	0	0	0
r_1462	0	NA	NA	NA	0	0	0
r_1463	0	NA	NA	NA	0	0	0
r_1464	0	NA	NA	NA	NA	NA	NA
r_1465	0	NA	NA	NA	NA	NA	NA
r_1466	0	NA	NA	NA	NA	NA	NA
r_1467	0	NA	NA	NA	NA	NA	NA
r_1468	0	NA	NA	NA	NA	NA	NA
r_1469	0	NA	NA	NA	NA	NA	NA
r_1470	0	NA	NA	NA	NA	NA	NA
r_1471	0	NA	NA	NA	NA	NA	NA
r_1472	0	NA	NA	NA	NA	NA	NA
r_1473	0	NA	NA	NA	NA	NA	NA
r_1474	0	NA	NA	NA	NA	NA	NA
r_1475	0	NA	NA	NA	NA	NA	NA
r_1476	0	NA	NA	NA	0	0	1
r_1477	0	NA	NA	NA	NA	NA	NA
r_1478	0	NA	NA	NA	NA	NA	NA
r_1479	0	NA	NA	NA	0	0	0
r_1480	0	NA	NA	NA	0	0	1
r_1481	0	NA	NA	NA	NA	NA	NA
r_1482	0	NA	NA	NA	0	0	0
r_1483	0	NA	NA	NA	0	0	0
r_1484	0	NA	NA	NA	0	0	0
r_1485	0	NA	NA	NA	NA	NA	NA
r_1486	0	NA	NA	NA	NA	NA	NA
r_1487	0	NA	NA	NA	NA	NA	NA
r_1488	0	NA	NA	NA	NA	NA	NA
r_1489	0	NA	NA	NA	NA	NA	NA
r_1490	0	NA	NA	NA	NA	NA	NA
r_1491	0	NA	NA	NA	NA	NA	NA
r_1492	0	NA	NA	NA	NA	NA	NA
r_1493	0	NA	NA	NA	0	0	1
r_1494	0	NA	NA	NA	0	0	0
r_1495	0	NA	NA	NA	0	0	0
r_1496	0	NA	NA	NA	0	0	0
r_1497	0	NA	NA	NA	0	0	1
r_1498	0	NA	NA	NA	0	0	0
r_1499	0	NA	NA	NA	NA	NA	NA
r_1500	0	NA	NA	NA	NA	NA	NA
r_1501	0	NA	NA	NA	NA	NA	NA
r_1502	0	NA	NA	NA	NA	NA	NA
r_1503	0	NA	NA	NA	0	0	1
r_1504	0	NA	NA	NA	NA	NA	NA
r_1505	0	NA	NA	NA	0	0	0
r_1506	0	NA	NA	NA	NA	NA	NA
r_1507	0	NA	NA	NA	0	0	0
r_1508	0	NA	NA	NA	0	0	0
r_1509	0	NA	NA	NA	0	0	0
r_1510	0	NA	NA	NA	NA	NA	NA
r_1511	0	NA	NA	NA	NA	NA	NA
r_1512	0	NA	NA	NA	NA	NA	NA
r_1513	0	NA	NA	NA	0	0	NA
r_1514	0	NA	NA	NA	0	0	NA
r_1515	0	NA	NA	NA	0	0	1
r_1516	0	NA	NA	NA	0	0	0
r_1517	0	NA	NA	NA	NA	NA	NA
r_1518	0	NA	NA	NA	NA	NA	NA
r_1519	0	NA	NA	NA	0	0	0
r_1520	0	NA	NA	NA	0	0	0
r_1521	0	NA	NA	NA	0	0	0
r_1522	0	NA	NA	NA	0	0	0
r_1523	0	NA	NA	NA	0	0	0
r_1524	0	NA	NA	NA	0	0	0
r_1525	0	NA	NA	NA	0	0	0
r_1526	0	NA	NA	NA	0	0	0
r_1527	0	NA	NA	NA	0	0	NA
r_1528	0	NA	NA	NA	NA	NA	NA
r_1529	0	NA	NA	NA	0	0	NA
r_1530	0	NA	NA	NA	NA	NA	NA
r_1531	0	NA	NA	NA	NA	NA	NA
r_1532	0	NA	NA	NA	0	0	0
r_1533	0	NA	NA	NA	0	0	0
r_1534	0	NA	NA	NA	0	0	0
r_1535	0	NA	NA	NA	NA	NA	NA
r_1536	0	NA	NA	NA	NA	NA	NA
r_1537	0	NA	NA	NA	NA	NA	NA
r_1538	0	NA	NA	NA	NA	NA	NA
r_1539	0	NA	NA	NA	NA	NA	NA
r_1540	0	NA	NA	NA	NA	NA	NA
r_1541	0	NA	NA	NA	NA	NA	NA
r_1542	0	NA	NA	NA	NA	NA	NA
r_1543	0	NA	NA	NA	NA	NA	NA
r_1544	0	NA	NA	NA	NA	NA	NA
r_1545	0	NA	NA	NA	NA	NA	NA
r_1546	0	NA	NA	NA	NA	NA	NA
r_1547	0	NA	NA	NA	NA	NA	NA
r_1548	0	NA	NA	NA	NA	NA	NA
r_1549	0	NA	NA	NA	NA	NA	NA
r_1550	0	NA	NA	NA	NA	NA	NA
r_1551	0	NA	NA	NA	NA	NA	NA
r_1552	0	NA	NA	NA	NA	NA	NA
r_1553	0	NA	NA	NA	NA	NA	NA
r_1554	0	NA	NA	NA	NA	NA	NA
r_1555	0	NA	NA	NA	NA	NA	NA
r_1556	0	NA	NA	NA	NA	NA	NA
r_1557	0	NA	NA	NA	NA	NA	NA
r_1558	0	NA	NA	NA	NA	NA	NA
r_1559	0	NA	NA	NA	NA	NA	NA
r_1560	0	NA	NA	NA	NA	NA	NA
r_1561	0	NA	NA	NA	NA	NA	NA
r_1562	0	NA	NA	NA	NA	NA	NA
r_1563	0	NA	NA	NA	NA	NA	NA
r_1564	0	NA	NA	NA	NA	NA	NA
r_1565	0	NA	NA	NA	NA	NA	NA
r_1566	0	NA	NA	NA	NA	NA	NA
r_1567	0	NA	NA	NA	NA	NA	NA
r_1568	0	NA	NA	NA	NA	NA	NA
r_1569	0	NA	NA	NA	NA	NA	NA
r_1570	0	NA	NA	NA	NA	NA	NA
r_1571	0	NA	NA	NA	NA	NA	NA
r_1572	0	NA	NA	NA	NA	NA	NA
r_1573	0	NA	NA	NA	NA	NA	NA
r_1574	0	NA	NA	NA	NA	NA	NA
r_1575	0	NA	NA	NA	NA	NA	NA
r_1576	0	NA	NA	NA	NA	NA	NA
r_1577	0	NA	NA	NA	NA	NA	NA
r_1578	0	NA	NA	NA	NA	NA	NA
r_1579	0	NA	NA	NA	NA	NA	NA
r_1580	0	NA	NA	NA	NA	NA	NA
r_1581	0	NA	NA	NA	NA	NA	NA
r_1582	0	NA	NA	NA	NA	NA	NA
r_1583	0	NA	NA	NA	NA	NA	NA
r_1584	0	NA	NA	NA	NA	NA	NA
r_1585	0	NA	NA	NA	NA	NA	NA
r_1586	0	NA	NA	NA	NA	NA	NA
r_1587	0	NA	NA	NA	NA	NA	NA
r_1588	0	NA	NA	NA	NA	NA	NA
r_1589	0	NA	NA	NA	NA	NA	NA
r_1590	0	NA	NA	NA	NA	NA	NA
r_1591	0	NA	NA	NA	NA	NA	NA
r_1592	0	NA	NA	NA	NA	NA	NA
r_1593	0	NA	NA	NA	NA	NA	NA
r_1594	0	NA	NA	NA	NA	NA	NA
r_1595	0	NA	NA	NA	NA	NA	NA
r_1596	0	NA	NA	NA	NA	NA	NA
r_1597	0	NA	NA	NA	NA	NA	NA
r_1598	0	NA	NA	NA	NA	NA	NA
r_1599	0	NA	NA	NA	NA	NA	NA
r_1600	0	NA	NA	NA	NA	NA	NA
r_1601	0	NA	NA	NA	NA	NA	NA
r_1602	0	NA	NA	NA	NA	NA	NA
r_1603	0	NA	NA	NA	NA	NA	NA
r_1604	0	NA	NA	NA	NA	NA	NA
r_1605	0	NA	NA	NA	NA	NA	NA
r_1606	0	NA	NA	NA	NA	NA	NA
r_1607	0	NA	NA	NA	NA	NA	NA
r_1608	0	NA	NA	NA	NA	NA	NA
r_1609	0	NA	NA	NA	NA	NA	NA
r_1610	0	NA	NA	NA	NA	NA	NA
r_1611	0	NA	NA	NA	NA	NA	NA
r_1612	0	NA	NA	NA	NA	NA	NA
r_1613	0	NA	NA	NA	NA	NA	NA
r_1614	0	NA	NA	NA	NA	NA	NA
r_1615	0	NA	NA	NA	NA	NA	NA
r_1616	0	NA	NA	NA	NA	NA	NA
r_1617	0	NA	NA	NA	NA	NA	NA
r_1618	0	NA	NA	NA	NA	NA	NA
r_1619	0	NA	NA	NA	NA	NA	NA
r_1620	0	NA	NA	NA	NA	NA	NA
r_1621	0	NA	NA	NA	NA	NA	NA
r_1622	0	NA	NA	NA	NA	NA	NA
r_1623	0	NA	NA	NA	NA	NA	NA
r_1624	0	NA	NA	NA	NA	NA	NA
r_1625	0	NA	NA	NA	NA	NA	NA
r_1626	0	NA	NA	NA	NA	NA	NA
r_1627	0	NA	NA	NA	NA	NA	NA
r_1628	0	NA	NA	NA	NA	NA	NA
r_1629	0	NA	NA	NA	NA	NA	NA
r_1630	0	NA	NA	NA	NA	NA	NA
r_1631	0	NA	NA	NA	NA	NA	NA
r_1632	0	NA	NA	NA	NA	NA	NA
r_1633	0	NA	NA	NA	NA	NA	NA
r_1634	0	NA	NA	NA	NA	NA	NA
r_1635	0	NA	NA	NA	NA	NA	NA
r_1636	0	NA	NA	NA	NA	NA	NA
r_1637	0	NA	NA	NA	NA	NA	NA
r_1638	0	NA	NA	NA	NA	NA	NA
r_1639	0	NA	NA	NA	NA	NA	NA
r_1640	0	NA	NA	NA	NA	NA	NA
r_1641	0	NA	NA	NA	NA	NA	NA
r_1642	0	NA	NA	NA	NA	NA	NA
r_1643	0	NA	NA	NA	NA	NA	NA
r_1644	0	NA	NA	NA	NA	NA	NA
r_1645	0	NA	NA	NA	NA	NA	NA
r_1646	0	NA	NA	NA	NA	NA	NA
r_1647	0	NA	NA	NA	NA	NA	NA
r_1648	0	NA	NA	NA	NA	NA	NA
r_1649	0	NA	NA	NA	NA	NA	NA
r_1650	0	NA	NA	NA	NA	NA	NA
r_1651	0	NA	NA	NA	NA	NA	NA
r_1652	0	NA	NA	NA	NA	NA	NA
r_1653	0	NA	NA	NA	NA	NA	NA
r_1654	0	NA	NA	NA	NA	NA	NA
r_1655	0	NA	NA	NA	NA	NA	NA
r_1656	0	NA	NA	NA	NA	NA	NA
r_1657	0	NA	NA	NA	NA	NA	NA
r_1658	0	NA	NA	NA	NA	NA	NA
r_1659	0	NA	NA	NA	NA	NA	NA
r_1660	0	NA	NA	NA	NA	NA	NA
r_1661	0	NA	NA	NA	NA	NA	NA
r_1662	0	NA	NA	NA	NA	NA	NA
r_1663	0	NA	NA	NA	NA	NA	NA
r_1664	0	NA	NA	NA	NA	NA	NA
r_1665	0	NA	NA	NA	NA	NA	NA
r_1666	0	NA	NA	NA	NA	NA	NA
r_1667	0	NA	NA	NA	NA	NA	NA
r_1668	0	NA	NA	NA	NA	NA	NA
r_1669	0	NA	NA	NA	NA	NA	NA
r_1670	0	NA	NA	NA	NA	NA	NA
r_1671	0	NA	NA	NA	NA	NA	NA
r_1672	0	NA	NA	NA	NA	NA	NA
r_1673	0	NA	NA	NA	NA	NA	NA
r_1674	0	NA	NA	NA	NA	NA	NA
r_1675	0	NA	NA	NA	NA	NA	NA
r_1676	0	NA	NA	NA	NA	NA	NA
r_1677	0	NA	NA	NA	NA	NA	NA
r_1678	0	NA	NA	NA	NA	NA	NA
r_1679	0	NA	NA	NA	NA	NA	NA
r_1680	0	NA	NA	NA	NA	NA	NA
r_1681	0	NA	NA	NA	NA	NA	NA
r_1682	0	NA	NA	NA	NA	NA	NA
r_1683	0	NA	NA	NA	NA	NA	NA
r_1684	0	NA	NA	NA	NA	NA	NA
r_1685	0	NA	NA	NA	NA	NA	NA
r_1686	0	NA	NA	NA	NA	NA	NA
r_1687	0	NA	NA	NA	NA	NA	NA
r_1688	0	NA	NA	NA	NA	NA	NA
r_1689	0	NA	NA	NA	NA	NA	NA
r_1690	0	NA	NA	NA	NA	NA	NA
r_1691	0	NA	NA	NA	NA	NA	NA
r_1692	0	NA	NA	NA	NA	NA	NA
r_1693	0	NA	NA	NA	NA	NA	NA
r_1694	0	NA	NA	NA	NA	NA	NA
r_1695	0	NA	NA	NA	NA	NA	NA
r_1696	0	NA	NA	NA	NA	NA	NA
r_1697	0	NA	NA	NA	NA	NA	NA
r_1698	0	NA	NA	NA	NA	NA	NA
r_1699	0	NA	NA	NA	NA	NA	NA
r_1700	0	NA	NA	NA	NA	NA	NA
r_1701	0	NA	NA	NA	NA	NA	NA
r_1702	0	NA	NA	NA	NA	NA	NA
r_1703	0	NA	NA	NA	NA	NA	NA
r_1704	0	NA	NA	NA	NA	NA	NA
r_1705	0	NA	NA	NA	NA	NA	NA
r_1706	0	NA	NA	NA	NA	NA	NA
r_1707	0	NA	NA	NA	NA	NA	NA
r_1708	0	NA	NA	NA	NA	NA	NA
r_1709	0	NA	NA	NA	NA	NA	NA
r_1710	0	NA	NA	NA	NA	NA	NA
r_1711	0	NA	NA	NA	NA	NA	NA
r_1712	0	NA	NA	NA	NA	NA	NA
r_1713	0	NA	NA	NA	NA	NA	NA
r_1714	0	NA	NA	NA	NA	NA	NA
r_1715	0	NA	NA	NA	NA	NA	NA
r_1716	0	NA	NA	NA	NA	NA	NA
r_1717	0	NA	NA	NA	NA	NA	NA
r_1718	0	NA	NA	NA	NA	NA	NA
r_1719	0	NA	NA	NA	NA	NA	NA
r_1720	0	NA	NA	NA	NA	NA	NA
r_1721	0	NA	NA	NA	NA	NA	NA
r_1722	0	NA	NA	NA	NA	NA	NA
r_1723	0	NA	NA	NA	NA	NA	NA
r_1724	0	NA	NA	NA	NA	NA	NA
r_1725	0	NA	NA	NA	NA	NA	NA
r_1726	0	NA	NA	NA	NA	NA	NA
r_1727	0	NA	NA	NA	NA	NA	NA
r_1728	0	NA	NA	NA	NA	NA	NA
r_1729	0	NA	NA	NA	NA	NA	NA
r_1730	0	NA	NA	NA	NA	NA	NA
r_1731	0	NA	NA	NA	NA	NA	NA
r_1732	0	NA	NA	NA	NA	NA	NA
r_1733	0	NA	NA	NA	NA	NA	NA
r_1734	0	NA	NA	NA	NA	NA	NA
r_1735	0	NA	NA	NA	NA	NA	NA
r_1736	0	NA	NA	NA	NA	NA	NA
r_1737	0	NA	NA	NA	NA	NA	NA
r_1738	0	NA	NA	NA	NA	NA	NA
r_1739	0	NA	NA	NA	NA	NA	NA
r_1740	0	NA	NA	NA	NA	NA	NA
r_1741	0	NA	NA	NA	NA	NA	NA
r_1742	0	NA	NA	NA	NA	NA	NA
r_1743	0	NA	NA	NA	NA	NA	NA
r_1744	0	NA	NA	NA	NA	NA	NA
r_1745	0	NA	NA	NA	NA	NA	NA
r_1746	0	NA	NA	NA	NA	NA	NA
r_1747	0	NA	NA	NA	NA	NA	NA
r_1748	0	NA	NA	NA	NA	NA	NA
r_1749	0	NA	NA	NA	NA	NA	NA
r_1750	0	NA	NA	NA	NA	NA	NA
r_1751	0	NA	NA	NA	NA	NA	NA
r_1752	0	NA	NA	NA	NA	NA	NA
r_1753	0	NA	NA	NA	NA	NA	NA
r_1754	0	NA	NA	NA	NA	NA	NA
r_1755	0	NA	NA	NA	NA	NA	NA
r_1756	0	NA	NA	NA	NA	NA	NA
r_1757	0	NA	NA	NA	NA	NA	NA
r_1758	0	NA	NA	NA	NA	NA	NA
r_1759	0	NA	NA	NA	NA	NA	NA
r_1760	0	NA	NA	NA	NA	NA	NA
r_1761	0	NA	NA	NA	NA	NA	NA
r_1762	0	NA	NA	NA	NA	NA	NA
r_1763	0	NA	NA	NA	NA	NA	NA
r_1764	0	NA	NA	NA	NA	NA	NA
r_1765	0	NA	NA	NA	NA	NA	NA
r_1766	0	NA	NA	NA	NA	NA	NA
r_1767	0	NA	NA	NA	NA	NA	NA
r_1768	0	NA	NA	NA	NA	NA	NA
r_1769	0	NA	NA	NA	NA	NA	NA
r_1770	0	NA	NA	NA	NA	NA	NA
r_1771	0	NA	NA	NA	NA	NA	NA
r_1772	0	NA	NA	NA	NA	NA	NA
r_1773	0	NA	NA	NA	NA	NA	NA
r_1774	0	NA	NA	NA	NA	NA	NA
r_1775	0	NA	NA	NA	NA	NA	NA
r_1776	0	NA	NA	NA	NA	NA	NA
r_1777	0	NA	NA	NA	NA	NA	NA
r_1778	0	NA	NA	NA	NA	NA	NA
r_1779	0	NA	NA	NA	NA	NA	NA
r_1780	0	NA	NA	NA	NA	NA	NA
r_1781	0	NA	NA	NA	NA	NA	NA
r_1782	0	NA	NA	NA	NA	NA	NA
r_1783	0	NA	NA	NA	NA	NA	NA
r_1784	0	NA	NA	NA	NA	NA	NA
r_1785	0	NA	NA	NA	NA	NA	NA
r_1786	0	NA	NA	NA	NA	NA	NA
r_1787	0	NA	NA	NA	NA	NA	NA
r_1788	0	NA	NA	NA	NA	NA	NA
r_1789	0	NA	NA	NA	NA	NA	NA
r_1790	0	NA	NA	NA	NA	NA	NA
r_1791	0	NA	NA	NA	NA	NA	NA
r_1792	0	NA	NA	NA	NA	NA	NA
r_1793	0	NA	NA	NA	NA	NA	NA
r_1794	0	NA	NA	NA	NA	NA	NA
r_1795	0	NA	NA	NA	NA	NA	NA
r_1796	0	NA	NA	NA	NA	NA	NA
r_1797	0	NA	NA	NA	NA	NA	NA
r_1798	0	NA	NA	NA	NA	NA	NA
r_1799	0	NA	NA	NA	NA	NA	NA
r_1800	0	NA	NA	NA	NA	NA	NA
r_1801	0	NA	NA	NA	NA	NA	NA
r_1802	0	NA	NA	NA	NA	NA	NA
r_1803	0	NA	NA	NA	NA	NA	NA
r_1804	0	NA	NA	NA	NA	NA	NA
r_1805	0	NA	NA	NA	NA	NA	NA
r_1806	0	NA	NA	NA	NA	NA	NA
r_1807	0	NA	NA	NA	NA	NA	NA
r_1808	0	NA	NA	NA	NA	NA	NA
r_1809	0	NA	NA	NA	NA	NA	NA
r_1810	0	NA	NA	NA	NA	NA	NA
r_1811	0	NA	NA	NA	NA	NA	NA
r_1812	0	NA	NA	NA	NA	NA	NA
r_1813	0	NA	NA	NA	NA	NA	NA
r_1814	0	NA	NA	NA	NA	NA	NA
r_1815	0	NA	NA	NA	NA	NA	NA
r_1816	0	NA	NA	NA	NA	NA	NA
r_1817	0	NA	NA	NA	NA	NA	NA
r_1818	0	NA	NA	NA	NA	NA	NA
r_1819	0	NA	NA	NA	NA	NA	NA
r_1820	0	NA	NA	NA	NA	NA	NA
r_1821	0	NA	NA	NA	NA	NA	NA
r_1822	0	NA	NA	NA	NA	NA	NA
r_1823	0	NA	NA	NA	NA	NA	NA
r_1824	0	NA	NA	NA	NA	NA	NA
r_1825	0	NA	NA	NA	NA	NA	NA
r_1826	0	NA	NA	NA	NA	NA	NA
r_1827	0	NA	NA	NA	NA	NA	NA
r_1828	0	NA	NA	NA	NA	NA	NA
r_1829	0	NA	NA	NA	NA	NA	NA
r_1830	0	NA	NA	NA	NA	NA	NA
r_1831	0	NA	NA	NA	NA	NA	NA
r_1832	0	NA	NA	NA	NA	NA	NA
r_1833	0	NA	NA	NA	NA	NA	NA
r_1834	0	NA	NA	NA	NA	NA	NA
r_1835	0	NA	NA	NA	NA	NA	NA
r_1836	0	NA	NA	NA	NA	NA	NA
r_1837	0	NA	NA	NA	NA	NA	NA
r_1838	0	NA	NA	NA	NA	NA	NA
r_1839	0	NA	NA	NA	NA	NA	NA
r_1840	0	NA	NA	NA	NA	NA	NA
r_1841	0	NA	NA	NA	NA	NA	NA
r_1842	0	NA	NA	NA	NA	NA	NA
r_1843	0	NA	NA	NA	NA	NA	NA
r_1844	0	NA	NA	NA	NA	NA	NA
r_1845	0	NA	NA	NA	NA	NA	NA
r_1846	0	NA	NA	NA	NA	NA	NA
r_1847	0	NA	NA	NA	NA	NA	NA
r_1848	0	NA	NA	NA	NA	NA	NA
r_1849	0	NA	NA	NA	NA	NA	NA
r_1850	0	NA	NA	NA	NA	NA	NA
r_1851	0	NA	NA	NA	NA	NA	NA
r_1852	0	NA	NA	NA	NA	NA	NA
r_1853	0	NA	NA	NA	NA	NA	NA
r_1854	0	NA	NA	NA	NA	NA	NA
r_1855	0	NA	NA	NA	NA	NA	NA
r_1856	0	NA	NA	NA	NA	NA	NA
r_1857	0	NA	NA	NA	NA	NA	NA
r_1858	0	NA	NA	NA	NA	NA	NA
r_1859	0	NA	NA	NA	NA	NA	NA
r_1860	0	NA	NA	NA	NA	NA	NA
r_1861	0	NA	NA	NA	NA	NA	NA
r_1862	0	NA	NA	NA	NA	NA	NA
r_1863	0	NA	NA	NA	NA	NA	NA
r_1864	0	NA	NA	NA	NA	NA	NA
r_1865	0	NA	NA	NA	NA	NA	NA
